front,back,part_of_speech
ལྐུགས་པ།,Dumb,
ཡོན་ཏན།,Good qualities,
ཕུང་པོ་,Aggregates,
སྐྲན་ནད་,Cancer,n
རོ་,Corpse,n
རྣག་,Pus,n
སྐྱག་པ་བཏང་,To poop,v
ངོས་འཛིན་པ་,To diagnose (med.),v
གཉན་ཁ་,Infection (med.),n
སྨུག་ཐིག་ཆགས་པ་,To become bruised,v
སྐྲན་ཆགས་པ་,To swell up (med.),v
སྙིང་ཐག་པ་ནས་,from the bottom of one's heart,adv
ཕྱིས་སུ་,Later,adv
གང་ཐུབ་ཐུབ་,As much as possible,adv
ཁག་,Type,n
རྒྱ་གར་འཕགས་པའི་ཡུལ་,"India, the land of the Aryas",n
བསྟན་པ་,Teaching,n
བློ་ལ་བབས་པ་,"appealing, adequate",n
ལྷག་པར་དུ་,In particular,
... དྲན་གྱི་འདུག,... I think (in my opinion).,
ཐོག་མར་,At the beginning,adv
དྲན་པ་,"(1) remember, (2) miss, (3) to think",n
འབྲུག་ཡུལ་,Bhutan,
ཕན་བདེ་སྒྲུབ་པ་,To accomplish happiness and wellbeing,n
བྱོན་པ་,To come (ཡིག་སྐད་),v
ལན་བསྐྱོན་པ་,To answer (H),v
མོས་པ་,"aspiration, wish, visualization",n
ཉམས་པ་,To be degenerated,v
རི་རྒྱུད་,Mountain range,n
དགོངས་ཚུལ་,Opinion (H),n
སྦར་མ་,Burma,n
མི་འདྲ་བ་,Different,adj
བསམ་པ་,Mental disposition,n
སིངྒ་ལ་,Sri Lanka,n
་་་ཟེར་དགོས་པའི་རྒྱུ་མཚན་,the reason(s) why it should be called ...,
འབྲེལ་བའི་,Related to...,adj
སངས་རྒྱས་ཤཱཀྱ་ཐུབ་པ་,Buddha Shakyamuni,n
ཀོ་རེ་ཡ་,Korea,n
དར་བ་,To spread,v
གྲུབ་ཐོབ་,Siddha,n
ཉི་ཧོང་,Japan,n
སྐྱེས་བུ་དམ་པ་,excellent being,n
ཐཡི་ལེནྜ་,Thailand,n
སོག་ཡུལ་,Mongolia,n
སྐུ་ཞབས་,Venerable,n
དུས་རབས་ཉི་ཤུ་པ་,20th century,n
ནུབ་ཕྱོགས་,in the West,n
སྒྲུབ་པ་,"to practice, to accomplish",v
རབ་ཏུ་འབྱུང་བ་,to become a monk [lit. thoroughly arise],v
ཝ་ར་ན་སི་,Varanasi,n
དགོངས་པ་རྫོགས་པ་,"to pass away, to die (H) (lit. to fulfill one's intent)",v
ཐུན་མོང་གི་རིག་གནས་བཞི་,the four traditional sciences,n
རྡོ་རྗེ་གདན་,"Bodhgaya,Vajrasana",n
ཆོས་ཀྱི་འཁོར་ལོ་རིམ་པ་གསུམ་,the three consecutive turnings of the Wheel of Dharma,n
བཅོམ་ལྡན་འདས་,"Bhagavan, Transcendent Victor, Blessed One",n
རྩྭ་མཆོག་གྲོང་་,Kushinagar (place where Buddha died),n
རོབ་ཙམ་,"roughly, a little bit",adv
རི་དྭགས་ཀྱི་ནགས་,"Deer Park, Mrigadava (now Sarnath)",n
འཁོར་ལྔ་སྡེ་བཟང་པོ་,retinue of the five excellent disciples,n
སྒྱུ་རྩལ་,"art, craft",n
སངས་རྒྱས་པ་,"to attain buddhahood, to get enlightened",v
དམ་པའི་ཆོས་,"the excellent Dharma (also: sacred or ""holy"" dharma)",n
ཕྱི་རོལ་པའི་གྲུབ་མཐའ་,Philosophical tenets of the “outsiders” [i.e. non-Buddhist schools],n
མྱ་ངན་ལས་འདས་པ་,"to pass into Nirvana, to pass beyond sorrow",v
ཐེག་པ་ཆེ་ཆུང་་,The Greater and Lesser Vehicles,n
མ་ཞི་བར་བྱེད་པ་,To cause disquiet,v
བསྟན་བཅོས་,"Treatise, Commentary",n
གོང་དུ་ཞུས་པ་,"mentioned above, mentioned earlier",
འདྲེས་པ་,To mix,v
རང་ཉིད་,oneself,n
ལག་ལེན་སྟར་བ་,To put into practice,v
འདུ་ཤེས་,"perception, discrimination (in the context of lo-rig)",n
དཔེ་དང་སྦྱར་བ་,illustrated by examples,
ཞེ་སྡང་,"Anger, aversion",n
ཁ་སྦུབ་པ་,(To place) face down,v
ཕྱིའི་ལུས་ཀྱི་ན་ཚ་,Bodily sickness,n
གཏི་མུག་,"ignorance, delusion, darkness",n
སྣོད་ཆས་,Container,n
ཆོས་སྟོན་པ་པོ་,Dharma teacher,n
ཞབས་རྡོལ་བ་,Leaking bottom,n
འདོད་ཆགས་,"Attachment, desire",n
ནང་པའི་གཞུང་,Buddhist scriptures,n
བཀའ་ཆོས་ཞུ་བ་,To receive Dharma teachings (h),v
ཡིད་གཏད་པ་,to focus on,v
དྲན་པ་,to remember,v
་་་དང་ལྡན་པ་,To be endowed with,
རྒྱུ་དང་འབྲས་བུ་,Cause and effect,n
ལེགས་པར་རྣམ་པར་ཕྱེ་བའི་ཆོས་འཁོར་,the wheel of Dharma of correct/thorough discrimination,n
གསལ་བཤད་བསྐྱོན་པ་,to clarify or explain (H),v
སློབ་དཔོན་,"ācārya, spiritual master, teacher",n
དབུ་མ་བཞི་བརྒྱ་པ་,The Four Hundred Verses by Aryadeva,
བཟློག་,"to reverse, stop, overcome",
མཐའ་མ་,"finally, at the end","adv, adj"
ཤེར་ཕྱིན་,"abr. of ཤེས་རབ་ཀྱི་ཕ་རོལ་ཏུ་ཕྱིན་པ་, Prajñāpāramitā",n
སྡུག་བསྔལ་གྱི་བདེན་པ་,The Truth of Suffering,n
སྤང་བྱ་,objects of abandonment,n
སྤང་པ་,To abandon,v
་་་སྐབས་སུ་,in the context of...,
བྱ་རྒོད་ཕུང་པོའི་རི་བོ་,"Vulture Peak (near Rajgir, India)",n
སེམས་ཀྱི་རང་བཞིན་འོད་གསལ་བ་,The luminous nature of the mind,n
གོ་རིམ་,"order, sequence",n
རྟོགས་པ་,To realize,v
ལམ་གྱི་བདེན་པ་,The Truth of the Path,n
རང་གི་ངོ་བོས་མ་གྲུབ་པ་,not established by way of their own entity,
རང་གི་མཚན་ཉིད་ཀྱིས་མ་གྲུབ་པ་,Not established by their own characteristics,
འཁོར་བྱང་ཆུབ་སེམས་དཔའ་,The retinue of bodhisattvas,n
འོད་སྲུངས་,"(1) Mahākāśyapa, (2) Dipamkara",n
མདོ་སྡེ་,a group of sutras,n
བདེ་གཤེགས་སྙིང་པོ་,"sugatagarbha, buddha-nature",n
ཚུལ་,"how to..., the way to...",n
གསལ་སྟོང་ཟུང་འཇུག་,The union of clarity and emptiness,n
མཚན་ཉིད་མེད་པའི་ཆོས་འཁོར་,[the turning of] the wheel of Dharma [which taught] the absence of characteristics,n
འཕགས་པའི་བདེན་པ་བཞི་,The Four Noble Truths,n
བསོད་ནམས་མ་ཡིན་པ་,Non-meritorious (actions),n
ཡངས་པ་ཅན་,Vaishali,n
བདེན་བཞིའི་ཆོས་འཁོར་,The teaching/turning of the wheel of Dharma regarding the Four [Noble] Truths,n
འཁོར་བ་,Samsara,n
རབ་འབྱོར་,Subhuti,n
མདོ་སྡེ་ལང་ཀར་གཤེགས་པ་,Lankavatara Sutra,n
ལྟ་གཞི་ཀུན་,The basis of all views,n
རྒྱས་བཤད་གནང་བ་,to explain in detail or extensively (H),v
བཀའ་མཐའ་མ་,The third [set of] teachings,n
གཞུང་,"authoritative religious texts, scripture, government",n
མདོ་སྡེ་དགོངས་པ་ངེས་འགྲེལ་,"Saṃdhinirmocana sūtra, The Sutra Unraveling the Intent",n
རི་བོ་མ་ལ་ཡ་,Mount Malaya (Sri Lanka),n
ཉམས་སུ་བླང་བྱ་,What is to be practiced or adopted,n
བཀའ་དང་པོ་,The first [set of] teachings,n
ཀུན་འབྱུང་གི་བདེན་པ་,The Truth of Origin [of suffering],n
བཀའ་བར་བ་,The second [set of] teachings,n
འགོག་པའི་བདེན་པ་,The Truth of Cessation [of suffering],n
མྱ་ངན་ལས་འདས་པ་,Nirvana,n
སྟོང་པ་ཉིད་,Emptiness,n
བདག་འཛིན་,"apprehension of self, grasping self",n
བདག་མེད་པ་,"Selflessness, no-self",n
གོང་དང་གཅིག་པ་,Same as above,
སྐྱབས་འགྲོའི་ངོ་བོ་,The essence of refuge,n
སྐྱོབས་པ་,To protect,v
སྐྱབས་ཡུལ་,The objects of refuge,n
ཡུལ་,Object,n
དངོས་གནས་,Actual,adj
མཐའ་མ་ལ་,At the end,adv
ཡོན་ཏན་མཐོང་བ་,To see good qualities,v
དཀོན་མཆོག་གསུམ་,The Three Jewels,n
ཡོང་ཡག་གི་ཆེད་དུ་,in order for it to become...,
རྒྱུ་རྐྱེན་གཙོ་བོ་,The main causes and conditions,n
བསྐྱེད་པ་,To generate,v
མངོན་འདོད་ཀྱི་དད་པ་,Aspiring faith,n
ཡིད་ཆེས་པའི་དད་པ་,"trusting faith, confident faith, faith of conviction",n
བསམ་སྤྱོད་,"attitude, motivation and behavior",n
སྐྱབས་,Refuge,n
དབྱེ་,To divide,v
སྐྱབས་འགྲོའི་བསླབ་བྱ་,The precepts of taking refuge,n
གནོད་འཚེ་,Harm,n
སྐྱབས་སུ་མཆི་བ་,To go for refuge,v
ག་རེ་ཡིན་ན་,I wonder what...,
ཁྱད་པར་ཅན་,"excellent, extraordinary, distinguished",adj
ཡང་དག་པ་,"genuine, pure, excellent",adj
དང་བའི་དད་པ་,"lucid faith, clear faith",n
འགྲོགས་པ་,To keep company,v
ངན་པ་,"bad, vile, miserable, excrement",adj
འཇིགས་སྐྲག་,Terror,n
དད་པ་,Faith,n
ཉོན་མོངས་པའི་སྒྲིབ་པ་,Afflictive obscurations,n
ཐམས་ཅད་,all,adj
ཤེས་རབ་,wisdom,n
ཐུགས་ལ་ཡག་པོ་བཞག་ཨ་,Keep this well in mind!,p
རྟོགས་པའི་ཆོས་,"realizational doctrine, experiential teaching",n
བསོད་སྙོམས་,alms (lit.),n
འགུལ་སྐྱོད་གཏོང་བ་,to move (such as: a body part),v
ཤམ་ཐབས་,monks skirt,n
ཆོས་གོས་,monastic yellow upper robe,n
ལྷུང་བཟེད་,begging bowl,n
ཀུན་དགའ་བོ་,ānanda,n
དབུ་འཛིན་,"president, director, chair-person",n
དུས་ཡུན་,"term, period",n
འོས་འདེམས་བྱེད་,"to select, to elect",v
གཞི་ནས་,"finally (also: from the base, from the root)",adv
བྲལ་བ་,to be free from,v
རྟོགས་བྱ་,object of realization,n
ཤེས་བྱའི་ཡོན་ཏན་,wisdom quality [of a Buddha],n
ཤེས་བྱའི་སྒྲིབ་པ་,Cognitive obscuration,n
ཐུགས་རྒྱུད་,mindstream (H),n
སེལ་བ་,To clear away,v
གཉེན་པོ་,"remedy, antidote",n
སྒྲིབ་པ་,Obscurations,n
ཡེ་ཤེས་,Primordial wisdom,n
ལུང་གི་ཆོས་,Dharma of Scriptural Tradition,n
བཀའ་,The words (teachings) of the Buddha,n
མཐར་ཐུག་པ་,"final, finally, ultimate, complete","adv, , adj"
སྤང་རྟོགས་མཐར་ཕྱིན་པ་,to complete all abandonments and realization,v
ལྷག་པ་,"to remain, greater than",v
ཐེག་པ་གསུམ་གྱི་འཕགས་པ་,Arya beings of the three vehicles,n
ཉམས་སུ་ལེན་མཁན་,practitioner,n
སྡུག་བསྔལ་,Suffering,n
བྱང་ཆུབ་སེམས་དཔའ་,Bodhisattva,n
དྲག་པོ་,"hard, heavy, fierce, strong",adj
སྒར་ཆེན་,great camp,n
རུལ་བ་,rot,v
ཐོ་,list,n
ཁྲག,blood,n
ཕྱུར་ར་,cheese // ཕྱུ་ར་,n
གྲུ་ཞིབ་,flour [wheat-powder],n
སྟོང་,1000,n
བཞུགས་གདན་འཇགས་གློ་,Good bye! (H) (to the person staying),p
ག་ལེར་ཕེབས་རློགས་གནང་་,Goodbye! (H) (to the person staying),p
ལྦུ་བ་,"foam, bubbles",n
ག་པར་འགྲོ་ག,Where are you going?,p
ཁེད་རང་ལུང་པ་ག་ནས་ཡིན།ང་ ... ནས་ཡིན་,Where are you from?I am from ...,p
ཁྱེད་རང་གི་མིང་ལ་ག་རེ་ཟེར་གི་ཡློད།ངའི་མིང་ (ལ་) ་་་་་ཟེར་གི་ཡློད་,What is your name?My name is ... ?,p
པྲ་,"""mirror"" divination, omen",n
ངོ་དེབ་,Facebook,n
དགོང་དྲོ་བདེ་ལེགས་,Good evening!,p
ག་པར་ཕེབས་ག,Where are you going?,p
ག་ལེར་ཕེབས། ག་ལེར་བཞུགས་,Goodbye (H) (going / staying),p
ཕེབས་ཨ། བཞུགས་ཨ།,Bye! (H)(going / staying),p
ཁྱེད་རང་གི་མཚན་ལ་ག་རེ་ཞུ་གི་ཡོད།ངའི་མིང་ (ལ་) ་་་་་ཟེར་གི་ཡོད་,What is your name?My name is ... ?,p
ཁེད་རང་ཕ་ཡུལ་ག་ནས་ཡིན་,Where are you from?,p
དཔེ་མཛོད་ཁང་,library,n
འཛིན་གྲྭ་གཅིག་པ་,classmates,n
སྨྱུ་གུ་,"pen, bamboo",n
རྐུབ་བཀྱག་,chair // རྐུབ་ཀྱབ་,n
རང་སྦྱོང་,self-study,n
དྲ་རྒྱ་,internet,n
ཧ་གོ་བ་,"to understand, to comprehend, knowཐ་མི་དད་པ་ // ཤེས་པ་, མགོ་འཚུགས་པ་",v
གཟིགས་པ་,"to read, to look at, to buy (H) (ཐ་དད་པ་ and ཐ་མི་དད་པ་)",v
འཐོན་པ་,"to graduate, to leave, to emerge (ཐ་མི་དད་པ་)",v
སློབ་པ་,"to teach, to train (ཐ་དད་པ་)",v
སྐྱིད་པོ་,"nice, pleasant, happy",adj
ཚིག་ཕྱུག་པོ་བཟོ་ཤོག་ཨ་,Enrich your vocabulary!,p
དེབ་,book,n
གཟིམ་འཇགས་གནང་གོ་,"Good night, sleep well!",p
སྙན་ངག་,poem,n
རོ་ཏོ་,"remains, dregs, residue",n
མཐོང་མཆན་ལག་འཁྱེར་,"visa, border permit // ཆོག་མཆན་",n
ང་ཚོ་སླེབས་འགྲོའོ་ཡིན་,We have almost arrived. // ང་ཚོ་སླེབས་འགྲོའོ་འདུག,
འཛིན་གྲྭ་གྲོལ་འགྲོའོ་འདུག,The class is almost over.,
ཟླ་མཇུག,end of the month,n
ལོ་མཇུག,end of the year,n
ལོ་འགོ,start of the year,front:re:[^་]+$
ཟླ་འགོ,start of the month,n
སྤྲོ་བོ་གནང་,to have a good time (H) // སྐྱིད་པོ་བྱེད་,v
མཆོད་མཇལ་ཞུ་བ་,to visit a monastery w offering (esp. during Losar),v
རྣམ་འགྱུར་,"manner, expression, appearance",n
གཉེན་ཕྲད་བ་,to meet close one's (mosty family or very close friends),v
དགའ་ཕྱོགས་,"interests, hobbies",n
ང་བ་,to cry,v
བཙུགས་པ་,"to plant, to establish",v
དགུན་ཁ་སླེབས་གྲབས་ཡོད་རེད་,Winter has almost arrived. // འགྲོའོ་ in spoken,
བྱེད་སྒོ་,activities,n
བསང་གསོལ་གཏོང་བ་,to make a smoke offering and supplications (as opposed too just བསང་གཏོང་བ།),v
རྒྱུག་པ་གཡུག་པ་,to throw a stick,v
སློབ་ཐེངས་,module,n
ཁྲིམས་རྩོད་པ་བྱེད་པ་,to practice law,v
ཁྲིམས་རྩོད་པ་,"attorney, lawyer",n
ཏོག་ཙམ་མ་གཏོགས་,"almost, nearly, [except for a little bit] // ཧ་ལམ་",adv
ཆེ་ཙམ་,a litte larger,adj
གྲང་ཙམ་,a little colder,adj
ཐག་ཆོད་,"thoroughly, completely",adj
ཇ་འདིའི་ནང་ལ་ཨོ་མ་ཉུང་བ་ལ་,How little milk in the tea!,
གློག་བརྙན་འདི་ཡག་ག་ལ་,How great this movie is!,
ཁ་དཔེ་,proverb,n
ད་གིན་,"recently, just now",adv
ང་གཉིས་རེས་མོ་བྱས་ནས་ཚིག་དེ་ཚོ་བེད་སྤྱོད་བཏང་ནས་ཚིག་གྲུབ་བཟོས་ན་གང་འདྲས་འདུག,Let's take turns making sentences using these words.,p
འདྲེ་,(v) to be mix (ཐ་མི་དད་པ་),v
སྐྲན་ནད་,tumor; cancer // སྐྲན།,n
ཀྲམ་ག,coin,n
རིན་མེད་,free // གླ་མེད།,adj
གྲུ་མོ་,elbow,n
མྱུར་དུ་,"fast, མགྱོགས་པ་ (more written)",adv
གནས་སྟངས་,"state, condition",n
ཁྲི་,"(1) throne(2) 10,000",n
ཁྲ་ཁྲ་,"colorful, many colors",adj
ཧམ་པ་,"greedy, demanding, arrogant, shameless",adj
བྲམ་ཟེ་,Brahmin (person in the priestly caste),n
སྤྱི་ཚོགས་,society,n
གལ་གནང་གི་མ་རེད་,No problem. It's OK.,p
སྤྱང་ཀི་,wolf,n
དེ་གཡར་གནང་དང་་,Please lend ...!,p
ལྟོགས་པ་,to be hungry,v
ཟླུམ་པོ་,"round, spherical",adj
ཞ་སྨྱུག་,pencil,n
སྡོམ་ཚིག་,summary,n
གད་པ་,"cleaner, sweeper",n
གམ་དུ་,"beside, near // འགྲམ་ལ་, འཁྲིས་ལ་",prep
ཕྲད་,"(v) meetparticle, grammatical particle","v, n"
ཨ་མྲ་,mango,n
རྒྱུག་ཆུ་,"creek, stream",n
གོང་,"(1) above (སྟེང། ཐོག)(2) previous, before (སྔོན། ཐོག་མ།) // སྒང་","adj, adv"
ལྕགས་,metal,n
འགྱུར་ཆོག་ཆོག་,"unstable, changing",adj
"བློ་འཛིང་བྱེད་པ་, བློ་ལ་འཛིན་པ་, ངག་ཐོག་འཛིན་པ་, ངག་ལ་འཛིན་པ་",to memorize,v
གོམ་པ་,step (as in walking),n
"ཀླུ།, ཀླུ་མོ་",Naga,n
ཝ་མོ་,fox,n
བྲག་ཕུག,"mountain cave, cave in stone, [rock hole]",n
ལྡན་པ་,possess,adj
ཐྲིག་ཐྲིག,"sound of shoes, creaking of shoes",n
ཧྲིལ་པོ་,"whole, entire",adj
དྲིལ་བུ་,bell,n
སྲུང་བ་,(v) protect,v
ཕྱེ་མ་ལེབ་,butterfly,n
བྱིས་པ་,child (mostly written),n
ཀླད་པ་,brain,n
མྱ་ངན་,suffering // སྡུག་བསྔལ།,n
ཀྱོག་ཀྱོག་,"winding, crooked, curved",adj
ཕྱག་ཕེབས་གནང་བྱུང་་,Welcome!,p
སྙན་པོ་,"interesting, pleasant to hear, good",adj
ཁྱབ་པ་,"(v) spread, cover, permeate",v
རྣག་ཁྲག,pus and blood,n
རླུན་པ་,"moist, wet",adj
ལོག་ཡིག་དྲུག་,6 reveresed letters,n
སྔགས་,"mantra, tantra",n
བསོད་ནམས་ཆེན་པོ་,"fortunate, good fortunte (from virtue more than ""luck"")",adj
དག་ཆ་,spelling,n
ཕུག་,cave,n
བློ་,"mind (intelligence, thinking mind)",n
བརྩོན་འགྲུས་ཆེན་པོ་,"diligent, hard working, joyous effort",adj
པགས་པ་,"skin, hide, bark, rind // ལྤགས་པ།",n
ནོར་བུ་,jewel,n
ཁྱིམ་,house,n
ལྡེ་མིག་,key,n
གད་སྙིགས་,trash,n
མྱོང་བ་,"experience, to experience","v, n"
ཕྲེང་བ་,"rosary, garland",n
ཉ་པ་,fisher man or woman,n
འདྲེས་,"mixed, merged",adj
ལྕེ་ལེབ་,tongue,n
རིས་,division,n
ལས་དང་པོ་བ་,beginner,n
སྲིད་པ་,"(1) power, possible, to be possible(2) existence, cyclic existence","v, n"
རླུང་་,wind; wind (element – vāyu); wind (vital energy – prāṇa),n
ཁྲིམས་,"law, rule",n
མདའ་,arrow,n
སྤུ་,fur (animal),n
གྱང་,wall,n
གང་ཐུབ་ཐུབ་,do one's best,adv
སྣ་ཁྲག,nose bleed,n
སྔ་དྲོ་བདེ་ལེགས་,Good morning!,p
ག་ལེ་ཕེབས་,Good bye! (leaving),p
ག་ལེ་བཞུགས་,Good bye! (staying),p
བོད་སྐད་,Tibetan language,n
བདེ་པོ་ཨོ་ཙམ་,"not too bad, alright",adj
བཀྲ་ཤིས་བདེ་ལེགས་,Hello!,p
ཉིན་གུང་བདེ་ལེགས་,Good afternoon!,p
དགོང་དྲོ་བདེ་ལེགས་,Good evening!,p
ཐུགས་རྗེ་ཆེ་,Thank you!,p
རྗེས་ལ་མཇལ་ཡོང་,See you later!,p
སང་ཉིན་མཇལ་ཡོང་,See you tomorrow,p
བདེ་པོ་,"well, healthy, comfortable",adj
བོད་,Tibet,n
དབྱིན་ཇིའི་ལུང་པ་,England // དབྱིན་ཡུལ་,n
དབྱིན་ཇིའི་སྐད་,English language,n
མཇལ་བ་,"to meet, to encounter (H)",v
དགའ་བ་,"to be happy, pleased",v
ཐུག་པ་,"to meet, to encounter",v
ཤེས་པ་,"to know, to be skilled at",v
མཁྱེན་པ་,"to know, to be knowledgeable (H)",v
གཟུགས་པོ་,body,n
ཕྱག་ཕེབས་གནང་,Welcome,p
གཟིམ་འཇགས་གནང་གོ་,"Good night!, Sleep well!",p
ཕྱི་རྒྱལ་,"abroad, foreign country",n
བལ་ཡུལ་,Nepal,n
སྐུ་གཟུགས་,body (H),n
བསླབ་པ་,to teach,v
ལས་སླ་པོ་,easy,adj
ཡག་པོ་,"good, well",adj
པར་,picture,n
སློབ་ཕྲུག་,student,n
རྒན་ལགས་,teacher (H),n
ཕྱག་དེབ་,book (H),n
དཔེ་ཆ་,religious book,n
འཛིན་གྲྭ་,class,n
སློབ་གྲྭ་,school,n
འབྲི་བ་,"to write, to note down",v
འཛུལ་བ་,"to enter, to enroll",v
ཡིག་ཚད་,exam,n
སློབ་ཁང་,classroom,n
བཤད་གྲྭ་,monastic and debate school,n
གློག་ཀླད་,computer,n
ཡིག་རྒྱུགས་,quiz,n
བརྩོན་འགྲུས་ཆེན་པོ་,"diligent, hard working",adj
སྦྱོང་དེབ་,exercise book,n
སྨྱུ་གུ་,pen,n
སློབ་གྲྭ་ཆེན་མོ་,"university, college",n
སྒེའུ་ཁུང་,window,n
ཀློག་པ་,to read (aloud),v
སྒོ་,"door, gate",n
སློབ་མ་,disciple (of a lama),n
རྐུབ་བཀྱག་,chair,n
སློབ་སྦྱོང་བྱེད་པ་,to study,v
སྐུ་པར་,picture (H),n
ཉན་པ་,to listen,v
རི་མོ་འབྲི་བ་,"to paint, to make a drawing",v
བློ་འཛིན་བྱེད་པ་,to memorize,v
སྐྱིད་པོ་,"nice, pleasant, happy",adj
མཐོ་རིམ་སློབ་གྲྭ་,college,n
ཡང་ལ་,candle,n
ནང་སྦྱོང་,homework,n
གདན་,"rug, cushion",n
དཀར་པང་,whiteboard,n
གསར་པ་,new,adj
སྙན་པོ་,"interesting, nice to hear",adj
ཕྱག་སྨྱུག་,pen (H),n
སློབ་ཚན་,lesson,n
ཐོན་པ་,"to leave, to graduate",v
སློབ་དེབ་,"textbook, manual",n
སློབ་སྦྱོང་,studies,n
ལས་ཁུངས་,office,n
འཛིན་གྲ་གཅིག་པ་,classmate,n
ནག་པང་,blackboard,n
དཀའ་ལས་ཁག་པོ་,"difficult, hard, tough",adj
ཅོག་ཙེ་,table,n
སྦྱང་བ་,to learn (any skill),v
རང་སྦྱོང་,self-study,n
སློབ་ཚན་,lesson,n
བུ་མོ་,"girl, daughter",n
ལྷ་ཁང་,temple,n
བྱས་ན་,"so, then, this being so",prep
སྐུ་འདྲ་,statue,n
ག་པར་ག་པར་,Not at all! No way! (lit. Where? where?),p
ནག་པོ་,black,"n, adj"
གཙང་པོ་,"river, stream",n
སེམས་ཅན་,"animal (col.), sentient being (lit.)",n
བུ་,"boy, son",n
ཆུ་,"water, river, stream",n
མཐོ་པོ་,high,adj
རྩ་ཆེན་པོ་,"sacred, holy, precious",adj
ག་རེ་,what?,int
གང་འདྲས་,how?,int
གཅིག་པ་,"same, identical, not different",adj
དགོན་པ་,monastery,n
མཆོད་རྟེན་,stupa,n
རླུང་རྟ་,"wind horse, prayer flags",n
དམར་པོ་,red,"n, adj"
སེར་པོ་,yellow,"n, adj"
གོ་བ་,to hear,v
སྔོན་པོ་,blue,"n, adj"
དཀར་པོ་,white,"n, adj"
གླིང་ག་,"park, garden, green area",n
ཤིང་ནགས་,"forest, jungle",n
ཤིང་སྡོང་,tree,n
བ་ཕྱུགས་,cow,n
མ་གཏོགས་,"only, except","adv, adj"
ཁུ་སིམ་པོ་,"quiet, without noise",adj
གྲོང་གསེབ་,village,n
རྙིང་པ་,old (things),adj
གྲོང་ཁྱེར་,"city, town",n
རྒྱ་ཆེན་པོ་,"vast, open, spacious, broad",adj
སྤང་,"meadow, grassy plain",n
མཛེས་པོ་,"beautiful, pretty",adj
ལྗང་ཁུ་,green,"n, adj"
སྒོ་ཟོག་,domestic animals,n
མཐོང་བ་,to see,v
མཚོ་གླིང་,island,n
འབྲོག་པ་,nomad,n
མཚོ་,lake,n
པར་རྒྱག་པ་,to take pictures,v
སྐད་གྲགས་ཆེན་པོ་,"famous, well known",adj
ལྟ་བ་,"to look at, to read, to watch",v
འབབ་ཆུ་,waterfall,n
ར་,goat,n
མཛོ་,dzo,n
གུར་,tent,n
དུད་འགྲོ་,animal (lit.),n
གཡག་,yak,n
མི་,"person, people",n
མེ་ཏོག་,flower,n
རྒྱ་མཚོ་,"ocean, sea",n
པར་ཆས་,camera,n
ཡུལ་ལྗོངས་,landscape,n
དཔེར་ན་,for example,p
མིང་,name,n
ལབ་པ་,"to say, to mention, to express (ཐ་དད་པ་)",v
ཆུང་ཆུང་,small,adj
ཕེབས་པ་,"to go, to come (H) (ཐ་མི་དད་པ་)",v
འགྲོ་བ་,to go (ཐ་མི་དད་པ་),v
ཆེན་པོ་,"big, great",adj
ཟེར་བ་,to be called (ཐ་དད་པ་),v
གསུང་བ་,"to say, to speak, to talk (H) (ཐ་དད་པ་)",v
ཆོས་ཚོགས་,"Dharma center, Dharma institute",n
རྒྱ་ནག་,China,n
མཉམ་དུ་,"together, together with",adv
ཕྲུ་གུ་,"children, kids",n
གྲོགས་མོ་,female friend,n
ཨ་རི་,United States of America,n
ཕ་ཡུལ་,fatherland,n
ཡོང་བ་,to come (ཐ་མི་དད་པ་),v
ལོ་,year,n
ནང་པ་,Buddhist,n
ནས་,from,prep
ག་ནས་,from where,int
ཡིན་ན་ཡང་,"but, however",prep
དེང་སང་,"these days, nowadays",adv
དབྱིན་ཡུལ་,England,n
ཡི་ཤུའི་ཆོས་,Christianity,n
ཁ་ཆེའི་ཆོས་,Islam,n
སྤུན་ཀྱག་,"relative, kinsman, family member",n
སྐྱེས་པ་,"to be born, to arise (ཐ་མི་དད་པ་)",v
ཨ་མདོ་,Amdo,n
རིག་པ་ཡག་པོ་,"clever, intelligent",adj
བཞུགས་པ་,"to stay, to live, to sit (down) (H) (ཐ་མི་དད་པ་)",v
འཁྲུང་བ་,to be born (H) (ཐ་མི་དད་པ་),v
འཛམ་གླིང་,"world, planet earth",n
ནང་མི་,family,n
དབུས་གཙང་,Ü-Tsang (Central province),n
ཡུ་རོབ་,Europe,n
བོད་སྐད་སྐྱོན་པ་,to talk in Tibetan (H) (ཐ་དད་པ།),v
ཨ་ནི་,"nun, aunt",n
སྐྱོ་པོ་,poor,adj
སླེབས་པ་,"to arrive, to reach, to get somewhere (ཐ་མི་དད་པ་)",v
གྲྭ་པ་,monk,n
དོ་སྣང་,"interest, affinity",n
ཞུ་བ་,"to be called (h) (ཐ་དད་པ་)to take, drink, serveto say",v
ཁམས་,Kham,n
ཉམ་ཆུང་,"humble, modest",adj
ཧིན་དུའི་ཆོས་,Hinduism,n
ཕྱི་རྒྱལ་,"abroad, foreign country",n
སྐྱེ་ས་,place of birth,n
ལུང་པ་,"country, land, area, valley",n
ལྷོ་ཨ་མེ་རི་ཀ་,South America,n
མཚན་,name (H),n
རྒྱལ་ཁབ་,"state, nation",n
ཕྱུག་པོ་,"rich, wealthy",adj
ཕ་མ་,"parents, father and mother",n
ཤར་གླིང་ལུང་པ་,Asian country,n
བལ་ཡུལ་,Nepal,n
ཆོས་ལུགས་,"religion, religious tradition",n
གྲོགས་པོ་,male friend,n
ཆོས་གྲོགས་,"dharma friend, friend from the same sangha",n
ཆང་ས་རྒྱག་པ་,to get married (ཐ་དད་པ་),v
སེམས་པ་བཟང་པོ་,"kindhearted, kind",adj
ནང་ཆོས་,Buddhism,n
དགའ་རོགས་,"boyfriend, girlfriend",n
རྒྱ་གར་,India,n
བཞེས་པ་,"to take, to have (H) (ཐ་དད་པ་)",v
འཚིག་ཇ་,coffee,n
ལེ་ལོ་ཚ་པོ་,lazy,adj
ལོ་ཆེན་པོ་,old (for people and animals),adj
འགྲིག་པ་,"to be fine, alright (ཐ་མི་དད་པ་)",v
ཁ་ཟས་,kabsey (Tibetan biscuits),n
ཨ་ཅག་,older sister,n
ལོ་ཆུང་ཆུང་,"small, young (for animals and people)",adj
ཕྱུ་ར་,cheese,n
ཇ་,tea,n
བོད་ཇ་,Tibetan tea,n
ཚྭ་,salt,n
བག་ལེབ་,bread,n
ཨ་མ་ལགས་,mother (H),n
ཟ་བ་,to eat (ཐ་དད་པ་) [syn. བཟའ་བ་],v
ཞིམ་པོ་,"delicious, tasty",adj
མང་ཆེ་བ་,"most, mostly, majority",adj
ཡིན་གཅིག་མིན་གཅིག་,"absolutely have to, at any cost!",
སྲུ་མོ་,maternal aunt [syn. ཨ་སྲུ་]mother's sister,n
གཅུང་པོ་,younger brother or relative,n
ཡར་ཕེབས་,Please come in! (lit. come up!),p
སྐྱེས་དམན་,wife,n
གཞོན་གཞོན་,young,adj
ཆོབ་ཚ་པོ་,"funny, someone who likes joking",adj
ག་རེ་བྱུང་ན་འགྲིག་གི་རེད་,I am fine with whatever there is,p
མནའ་མ་,daughter-in-law,n
སེམས་ཁྲལ་བྱེད་པ་,"to worry, to get worried (ཐ་དད་པ་)",v
སྤྲད་པ་,to give (ཐ་དད་པ་),v
གཅུང་མོ་,younger sister or relative,n
ཨ་ཞང་,"maternal uncle, mother's brother",n
བཟོ་བ་,"to make, to prepare, to produce (ཐ་དད་པ་)",v
གའི་ཡོད་མ་རེད་,No problem!,p
རྨོ་རྨོ་ལགས་,grandmother,n
སྤོ་བོ་ལགས་,grandfather,n
ཟླ་བོ་,"spouse, partner",n
དགུང་ལོ་ཆེན་པོ་,old (for people) (H),adj
སྐད་ཆ་བཤད་པ་,"to chat, to talk, to have a conversation (ཐ་དད་པ་)",v
ཨ་ཁུ་,paternal uncle,n
བཀའ་མོལ་གནང་བ་,"to chat, to talk, to have a conversation (H) (ཐ་དད་པ་)",v
འོག་མ་,younger brother or sister,n
དཀར་ཡོལ་,cup,n
ཁྱོ་ག་,husband,n
ཅོ་ཅོ་,older brother,n
དད་པ་ཆེན་པོ་,"devoted, having great faith",adj
པ་ལགས་,father (H),n
ཨ་ནི་,(1) paternal aunt(2) and (as conjunction),n
ཇ་སྲུབ་མ་,Tibetan buttered churned tea,n
འོ་མ་,milk,n
འཆམ་པོ་,"close, getting along well",adj
གསོལ་ཇ་,tea (H),n
ཇ་ཐང་,black tea,n
ཇ་མངར་མོ་,sweet tea,n
གང་,"full, filled",adj
ད་དུང་,"still, apart from X, also",adv
མདོང་མོ་,churn for making Tibetan tea,n
ཇ་དམ་,thermos,n
ཆོབ་སློང་བ་,to make jokes   (ཐ་དད་པ་),v
འགྲེམས་སྟོན་ཁང་,museum,n
གསུང་ཆོས་,"religious teaching, Dharma talk",n
བདུན་ཕྲག་སྔོན་མ་,last week,"n, adv"
རོགས་པ་བྱེད་པ་,to help somebody   (ཐ་དད་པ་),v
ཟ་ཁང་,restaurant,n
ཨ་རག་,alcohol,n
དུས་ཚོད་སྟོང་པ་,"free time, leisure",n
གང་ཡིན་ཟེར་ན་,because,conj
རྐྱལ་རྒྱག་པ་,to swim   (ཐ་དད་པ་),v
བརྙན་འཕྲིན་ལྟ་བ་,to watch television   (ཐ་དད་པ་),v
འཕྲོ་བརླག་གཏོང་བ་,"to waste, to not use wisely, to spoil   (ཐ་དད་པ་)",v
གློག་བརྙན་ཁང་,"cinema, movie hall",n
སྐྱེ་སྐར་ཐུགས་སྤྲོ་,birthday party,n
ཞབས་བྲོ་འཁྲབ་པ་,to dance   (ཐ་དད་པ་),v
རོགས་པ་ཐུག་གར་འགྲོ་བ་,to go to meet a friend,v
ངལ་གསོ་རྒྱག་པ་,"to relax, to take a rest, to recover   (ཐ་མི་དད་པ་)",v
རྩེད་མོ་རྩེ་བ་,"to play games, to joke around   (ཐ་དད་པ་)",v
ཟློས་གར་ཁང་,theatre,n
ཐ་མག་འཐེན་པ་,to smoke cigarettes   (ཐ་དད་པ་),v
གླིང་ག་གཏོང་བ་,to have a picnic   (ཐ་དད་པ་),v
གུང་སེང་,"holiday, free time, break",n
རི་འཛེག་པ་,"to climb, to hike, to go to the mountains   (ཐ་དད་པ་)",v
དྲྭ་རྒྱ་སྔོག་པ་,to surf in the internet   (ཐ་དད་པ་),v
གཟའ་ཉི་མ་,Sunday,n
ཐུགས་སྤྲོ་,party,n
ར་བཟི་བ་,"to get drunk, to become intoxicated   (ཐ་མི་དད་པ་)",v
ཕྱི་ལོགས་,"out, outside","n, adj"
ལྷོད་ལྷོད་བྱེད་པ་,to do something in a relaxed way   (ཐ་(མི་)དད་པ་),v
ལྟད་མོ་ལྟ་བ་,"to watch a movie, film (ཐ་དད་པ་)",v
ཕྱི་པོ་ཆགས་པ་,"to get late, to arrive late   (ཐ་མི་དད་པ་)",v
གཟའ་མཇུག་,"weekend, Saturday & Sunday",n
གཟའ་སྤེན་པ་,Saturday,n
གཞས་གཏོང་བ་,"to sing, to sing songs   (ཐ་དད་པ་)",v
ཐེངས་གཅིག་,"one time, once",adv
ཉམས་ལེན་བྱེད་པ་,to practice (in a religious sense)   (ཐ་དད་པ་),v
ལྟད་མོ་ཆེན་པོ་,"pleasant to see, entertaining, nice to watch",adj
དུས་ཚོད་རག་པ་,"to get the time, to find the time   (ཐ་མི་དད་པ་)",v
གཅན་གཟན་ཁང་,zoo,n
ཕྱག་འཚལ་བ་,to do prostrations   (ཐ་དད་པ་),v
གད་མོ་ཤོར་བ་,to laugh   (ཐ་མི་དད་པ་),v
ནང་ལས་བྱེད་པ་,"to do housework, household work   (ཐ་དད་པ་)",v
གནས་མཇལ་,pilgrimage // གནས་སྐོར།,n
གནམ་གཤིས་,"weather, climate",n
དཔྱིད་ཀ,spring,n
ད་ལྟ་,"now, at the moment",adv
སྤྱིར་བཏང་,"in general, generally",adv
ཁག་ཁག,"different, separate",adj
ས་ཆ་,place,n
ས་རུབ་པ་,to get dark   (ཐ་མི་དད་པ་),v
སྟོན་ཀ,"fall, autumn",n
སྨུག་པ་འཁོར་བ་,"to be foggy, misty   (ཐ་མི་དད་པ་)",v
འབྲུག་སྐད་རྒྱག་པ་,to thunder   (ཐ་མི་དད་པ་),v
ས་ཡོམ་རྒྱག་པ་,to happen an earthquake   (ཐ་མི་དད་པ་),v
རྟག་པར་,"always, every...",adv
ནང་བཞིན་,"like, as, just as",prep
དགོང་མོ་,evening,n
ཆར་པ་འབབ་པ་,to rain   (ཐ་མི་དད་པ་),v
ཤར་,east,"n, adj"
ཚོས་གཞི་,color // ཚོན་ཁྲ།,n
ཚ་བ་འཚིག་པ་,"to feel hot, to be hot   (ཐ་མི་དད་པ་)",v
ཚ་བ་ཆེན་པོ་,"hot, lots of heat",adj
ཚ་བ་,heat,n
སྤྲིན་པ་འཁྲིགས་པ་,to be cloudy   (ཐ་མི་དད་པ་),v
དྲོད་,"warmth, heat",n
ཞོགས་གས་,morning,n
ཤུགས་ཆེན་པོ་,"strong, strongly",adj
བསིལ་པོ་,"fresh, pleasantly cold, chilly",adj
རླུང་རྒྱག་པ་,"to be windy, to blow   (ཐ་མི་དད་པ་) // རླུང་པོ་རྒྱག་པ་",v
ལྗང་ཐིང་ཐིང་,bright green,n
ལྷོ་,south,"n, adj"
ཆར་དུས་,rainy season,n
ནམ་རྒྱུན་,"usually, usual, commonly",adv
གངས་འབབ་པ་,"to snow, snowfall   (ཐ་མི་དད་པ་)",v
ལྷགས་པ་,"breeze, wind // རླུང་པ་རྒྱག་པ་",n
གློག་འཁྱུག་པ་,lightning striking / flashing   (ཐ་མི་དད་པ་),v
གྲང་མོ་,cold,"n, adj"
དགུན་ཁ་,winter,n
སེར་ར་གཏོང་བ་,to hail   (ཐ་མི་དད་པ་),v
ནུབ་,west,"n, adj"
ཚ་གྲང་སྙོམས་པོ་,comfortable temperature,n
ནམ་དུས་,season,n
སྲུང་སྐྱོབ་བྱེད་པ་,"to protect, to guard, to save   (ཐ་དད་པ་)",v
འཁྱག་པ་,"to freeze, to feel cold   (ཐ་མི་དད་པ་)",v
སྡུག་ཅག,"ugly, bad, not good",adj
དབྱར་ཀ,summer,n
ནམ་མཁའ་,"sky, space",n
ཚ་གྲང་,temperature,n
ཡང་,"also, as well",conj
ལོ་མ་,leaf,n
ཉིན་མ་རྟག་པར་,"every day, daily // ཉིན་ལྟར་",adv
ཉི་མ་ཤར་བ་,"to shine, sunshine   (ཐ་མི་དད་པ་)",v
ཉི་མ་ནུབ་པ་,"to set (the sun), sunset   (ཐ་མི་དད་པ་)",v
བྱས་ཙང་,"therefore, for this reason",conj
འདྲ་མི་འདྲ་,"all kinds of, different types of, various kinds of",adj
གྲང་བ་,"to feel cold, to be cold   (ཐ་མི་དད་པ་) // འཁྱག་པ་",v
ཚ་པོ་,hot,adj
མཚན་མོ་,night,n
དགའ་ཤོས་,favorite,adj
ཉིན་གུང་རྒྱབ་,afternoon,n
དེ་དུས་,"that time, in that moment",adv
དུས་བཞི་,the four seasons,n
བྱང་,north,"n, adj"
ཁྱོན་བསྡོམས་,"in total, the sum of",n
ཐ་པག་,"plate, dish",n
ཞོག་ཁོག་,potato,n
པགས་པ་བཤུ་བ་,to peel the skin   (ཐ་དད་པ་),v
དང་པོ་,"first, at first",adj
སྔོན་ལ་,"before, in the beginning",adv
མཚམས་མཚམས་ལ་,"occasionally, once in a while",adv
་་་ན་འགྲིག་གི་རེད་པས་,"is it fine if..., may I?",p
ཡོད་དང་ཡོད་,Of course! Certainly!,n
ཞབས་ཞུ་མ་,waitress,n
ཆང་,"chang, rice beer, barley beer",n
འཚོད་པ་,to be cooked/ing (ཐ་དད་པ་) (བྱེད་མེ་ལས་ཚིག་),v
རྩིས་རྒྱག་པ་,"to calculate, to bring the bill   (ཐ་དད་པ་)",v
སྐོལ་བ་,to boil   (liquids)   (ཐ་དད་པ་),v
གསོལ་ཚིགས་,food   (H),n
དཀྲུག་དཀྲུག་གཏོང་བ་,to stir   (ཐ་དད་པ་),v
གཙང་མ་,clean,adj
ཁ་ཚ་པོ་,spicy,adj
ལ་ཤད་རྒྱག་པ་,to grate   (ཐ་དད་པ་),v
ཨ་སློག་རྒྱག་པ་,to turn upside down   (ཐ་དད་པ་),v
ཏག་ཏག་རེད་,Perfect! Exactly!,p
ཁོ་ཙེ་,chopsticks,n
རག་པ་,"to get, to receive, to be available   (ཐ་མི་དད་པ་)",v
སོས་པ་,"fresh   (food, vegetables, etc.)",adj
མང་དྲགས་པ་,"to be too much, to be excessive   (ཐ་མི་དད་པ་)",v
ཆང་ཁང་,bar,n
ཐུག་པ་,"soup, noodles",n
སྒོ་ང་,egg,n
ཁ་ལག་མངག་པ་,to order food   (ཐ་དད་པ་),v
སི་པན་,chilli,n
རྐང་ཊ་,fork,n
སྐད་གཏོང་བ་,"to call over, to invite   (ཐ་དད་པ་)",v
བཞུ་བ་,"to melt, to get melted   (ཐ་དད་པ་)",v
ཇ་ཁང་,tea shop   (syn: ཇ་འཐུང་ས་),n
བཞེས་ཐུག་,soup   (H),n
ཁ་ལག་,food,n
གྲི་,knife,n
རྔོད་པ་,to fry   (ཐ་དད་པ་),v
སྣུམ་,oil,n
རྩམ་པ་,"tsampa, roasted flour",n
ཤ་,meat,n
ཐུར་མ་,spoon,n
ཞབས་ཞུ་བ་,waiter,n
གྲོད་ཁོག་རྒྱགས་པ་,"to feel full, to be satisfied   (ཐ་མི་དད་པ་)",v
ཤ་མེད་རྐྱང་རྐྱང་,exclusively vegetarian,adj
རྗེས་ལ་,"after that, later",adv
སྒོར་མོ་,unit of any currency,n
འཐེན་ཐུག་,handmade noodle soup,n
འབྲས་,rice,n
ཙོང་,onion,n
མོག་ཐུག་,momos in soup,n
ཤ་བག་ལེབ་,meat bread,n
འཐུང་བ་,to drink   (ཐ་དད་པ་),v
འཁྲུད་པ་,to wash   (ཐ་དད་པ་),v
འཚིག་པ་,to get burned   (ཐ་མི་དད་པ་),v
ཚལ་,vegetable,n
ཐབ་ཚང་,kitchen,n
བཞེས་མོག་,momos   (H),n
ཨུ་ཚུགས་རྒྱག་པ་,to insist   (ཐ་དད་པ་),v
རྩམ་ཐུག་,soup made out of tsampa,n
མ་བྱན་,cook,n
ཤ་མེད་,vegetarian,adj
སྦྱིན་བདག་,"patron, restaurant owner // sponsor, benefactor",n
སྒོག་པ་,garlic,n
ཤིང་ཏོག་ཁུ་བ་,fruit juice,n
གྲོད་ཁོག་ལྟོགས་པ་,to feel hungry   (ཐ་མི་དད་པ་),v
མེ་གཏོང་བ་,to put the fire/stove on   (ཐ་དད་པ་),v
གྲོད་ཁོག་,stomach,n
གཏུབ་པ་,"to cut, to chop   (ཐ་དད་པ་)",v
ཚལ་ཐོ་,menu,n
ཁ་ལག་བཟོ་བ་,"to make food, to prepare food   (ཐ་དད་པ་)",v
ཤ་མོ་,mushroom,n
ལྷག་མ་,"left, left over",adj
ཞལ་ལག་,food   (H),n
ཆབ་,water   (H),n
གྲང་ཚལ་,salad,n
བྲོ་བ་,"taste, flavour",n
མཆོད་པ་,"to eat, to drink // to offer   (H)",v
མོག་མོག་,"momos, dumplings",n
ཐང་,soup,n
ཚྭ་ཁུ་,salty,adj
ཧ་ཡང་,"pot, pan",n
ཕོར་པ་,bowl,n
གོང་གཅོག་པ་,"to give a discount, to lower the price     (ཐ་དད་པ)",v
མགོ་སྐོར་གཏོང་བ,"to cheat, to fool somebody     (ཐ་དད་པ)",v
གྱོང,loss,n
གནང་བ,"to do, to give (H)     (ཐ་དད་པ)",v
སྒོ་ཕྱེ་བ་,"to open, to open the door     (ཐ་དད་པ)",v
ཚུར་སློག་པ་,to return/to bring back something     (ཐ་དད་པ),v
མིག་ཤེལ,glasses,n
གོང་ཆེ་དྲགས་པ,to be too expensive     (ཐ་མི་དད་པ),v
གོང་ཆག་པ,"the price going down, decrease (price)     (ཐ་མི་དད་པ)",v
ཞིམ་ལོད་ལྟ་བ་,"to taste, to test the taste of something     (ཐ་དད་པ)",v
སྤྲོ་ལོད་གཟིགས་པ་,"to taste, to test the taste of something (H)     (ཐ་དད་པ)",v
འཕྲོ་བརླག་འགྲོ་བ,"to go to waste, to become old     (ཐ་མི་དད་པ)",v
སྐྱུར་མོ,sour,"n, adj"
ཀི་ལོ་རེ་རེ,each kilo,p
གྲོ་ཞིབ་,flour,n
ད་དུང,"still, again, further",adv
རྫོགས་པ,"to run out, to be finished     (ཐ་མི་དད་པ)",v
གཞན་དག,"other, else",adj
དེ་འདྲས་ཡིན་དུས་,"this being so, this being the case, it being like this, therefore",
ཁེ་བཟང,"gain, profit",n
ངང་ལག,banana,n
འཚོང་བ,to sell     (ཐ་དད་པ),v
གོང་ཆེ་བ་ལ་,How expensive!,p
ཤ་རྫུན་མ,"soya chunks, artificial meat",n
སྤོས,incense,n
ཅ་ལག,"things, stuff, belongings",n
དངུལ,"money, silver",n
ཉོ་བ,"to buy, to purchase     (ཐ་དད་པ)",v
སྒོ་རྒྱག་པ་,"to close, to shut, to close the door     (ཐ་དད་པ)",v
གཞག་པ,"to place, to put     (ཐ་དད་པ)to posit, to establish",v
ཤིང་ཏོག་སྐམ་པོ,dry fruit,n
གཟིགས་པ,"to buy, to purchase, to look at (H)     (ཐ་དད་པ)",v
གོང་ཁེ་པོ,cheap,adj
བྲོ་བ་ཆེན་པོ་,"tasty, delicious, good taste",adj
ལྟོ་ཕད་,"bag, backpack",n
གོང་སྤར་བ,to increase the price     (ཐ་དད་པ),v
ཤེལ་དམ,glass bottle,n
ཚ་ལུ་མ,orange (fruit),n
སྟར་ཁ,walnut,n
ཡག་ག་ལ,How good! Amazing! How cool!,p
སོས་པ་སོས་རྐྱང་་,"completely fresh, extremely fresh",adj
་་་ཀྱི་བསམ་པ་ལ,in x’s opinion,
ཁམ་བུ་,peach,n
ཚོས་པོ་,"ripe, mature, cooked // སྨིན་པ།",adj
སྟོན་པ་,"(1) to show, to take out, to present     (ཐ་དད་པ)(2) teacher",v
ཕྱེད་ཀ,half,"n, adj"
ཕྲེང་བ་,"rosary, mala",n
གོང་ཆེན་པོ,expensive,adj
ཏོག་ཙམ,"a bit, a little bit",adj
གོས་ཐུང,"trousers, pants",n
སྤུས་དག་པོ,"good quality, excellent, high quality",adj
ཁྲོམ,"market, market place, bazaar",n
ཞྭ་མོ་,hat,n
ལག་རྟགས,"present, gift",n
ཉོ་ཆ་རྒྱག་པ་,to do shopping     (ཐ་དད་པ),v
སྟོད་ཐུང,"shirt, t-shirt",n
ཚོང་པ་,businessman,n
དྲི་མ,smell,n
མངར་མོ་,sweet (adj.),adj
གོང་,price,n
སིལ་མ,"small money, coins, change",n
ཚོང་རྒྱག་པ,to do business     (ཐ་དད་པ),v
ལྟོ་,"food, edible items, provisions",n
ཀུ་ཤུ,apple,n
བྱེ་མ་ཀ་ར,sugar,n
རྔན་པ,"present, gift, snack",n
བྱི་རིལ,"sweet, toffee",n
གོང་འཕར་བ,"the price going up, to increase (price)     (ཐ་མི་དད་པ)",v
རུལ་བ,"to rot, to disintegrate, become rotten     (ཐ་མི་དད་པ)",v
ཟག་པ,to fall down (mostly things)     (ཐ་མི་དད་པ),v
ཚོང་ཁང,shop,n
གསེར,gold,n
ཚོང་དཔོན,"seller, shopkeeper",n
དངོས་གནས་,"really, real, true, truly",adv
སང་ཉིན་,tomorrow,"adv, n"
དུས་ད་ལྟ་བ་,present,n
སྐར་ཆ་,second,n
དེ་རིང་,today,adv
ཟླ་བ་,"month, moon",n
སྤྱི་ཟླ་གཉིས་པ་,February,n
ཁ་སང་,yesterday,"n, adv, adj"
དུས་འདས་པ་,past,n
ཆུ་ཚོད་ག་ཚོད་ལ་,"at what time?, at what hour?",
སྐར་མ་,minute // star,n
ཆུ་ཚོད་,"hour // clock, wristwatch",n
མར་ཉལ་བ་,to lay down   (ཐ་མི་དད་པ་),v
གཞེས་ཉིན་,three days from today,adv
ཉིན་ལྟར་,"every day, daily (syn: ཉིན་མ་རྟག་པར་)",adv
འགོ་ཚུགས་པ་,"to start, to begin   (ཐ་མི་དད་པ་)",v
གཟའ་ཟླ་བ་,Monday,n
སྤྱི་ཟླ་,international month,n
བདུན་ཕྲག་,week (syn: གཟའ་འཁོར་),n
ཚེས་པ་,date,n
ཟིན་པ་,to be a certain time   (ཐ་མི་དད་པ་),v
ཡར་ལང་པ་,"to get up, to stand up   (ཐ་མི་དད་པ་)",v
གཟའ་པ་སངས་,Friday,n
ཉི་མ་ཉིན་གང་,"all day long, whole day",adv
འཆར་གཞི་བཟོ་བ་,to make plans   (ཐ་དད་པ་),v
ལོ་ལྟར་རེ་བཞིན་,"every year, annually // ལོ་རྟག་པར།",adv
ལམ་སང་,immediately,adv
གཟའ་མིག་དམར་,Tuesday,n
དུས་རབས་,century,n
ཙམ་,"approximately, around, merely",adj
ཆུ་ཚོད་ཕྱེད་ཀ་,half an hour,n
ཉེ་ཆར་,"recently, lately",adv
རྗེས་མ་,"coming, next","adv, adj"
གནངས་ཉིན་,the day after tomorrow,adv
བོད་ཟླ་,Tibetan (lunar) month,n
སྤྱི་ཟླ་དང་པོ་,January,n
ཚེས་བཟང་དུས་བཟང་,auspicious days,n
ཁ་སིང་,"the other day, a few days ago",adv
དུས་མ་འོངས་པ་,future,n
གཟའ་ཕུར་བུ་,Thursday,n
རྗེས་ལུས་ཐེབས་པ་,"to be (too) late, to be fallen, left behind   (ཐ་མི་དད་པ་)",v
ཞག་པོ་,one day and one night,n
འབྱོར་བ་,"to arrive, to reach, to get to   (ཐ་མི་དད་པ་)",v
སྔོན་མ་,"the past, previous",adj
ལོ་ཐོ་,"calendar, agenda",n
ཉིན་མ་,day (syn: ཉིན་མོ་),n
ཉིན་མཚན་,day and night,n
མི་རབས་,generation,n
ལོ་རྟགས་,astrological sign of the year,n
དུས་མཉམ་དུ་འཁེལ་བ་,"to coincide, to happen at the same time   (ཐ་མི་དད་པ་)",v
ཁ་པར་ཨང་གྲངས་,phone number,n
དུས་ཚོད་,time,n
ནས་ ... བར་དུ་,from ... until,
གཟའ་ལྷག་པ་,Wednesday,n
ལྟ་གིན་ལྟ་གིན་བྱེད་པ་,"to go with the flow, to decide as one goes   (ཐ་དད་པ་)",v
གཟའ་,day of the week; planet,n
འགོར་བ་,"to last, to take time   (ཐ་མི་དད་པ་)",v
ད་རེས་,"at present, nowadays",adv
གནམ་གྲུ་འབབ་ཐང་,airport // གནམ་ཐང་,n
ཕྱིས་དྲགས་པ་,to be too late   (ཐ་མི་དད་པ་),v
གྲ་སྒྲིག་བྱེད་པ་,"to make arrangements, to prepare   (ཐ་དད་པ་)",v
རི་ལིའི་བབས་ཚུགས་,railway station,n
གླང་ཆེན་,elephant,n
བསུ་བ་,"to pick up, to welcome, to receive   (ཐ་དད་པ་)",v
སྐྱོན་ཤོར་བ་,"to break down, stop functioning   (ཐ་མི་དད་པ་)",v
གཏན་འཁེལ་བ་,"to be fixed, reconfirmed, decided   (ཐ་མི་དད་པ་)",v
འགྲུལ་བཞུད་བྱེད་པ་,"to travel, to go travelling   (ཐ་དད་པ་)",v
རྗེས་ལུས་འཐེབས་པ་,"to get late, to arrive late   (ཐ་མི་དད་པ་)",v
བློ་བདེ་པོ་,"at ease, without worrying",adj
རྙོག་དྲ་ཚ་པོ་,"troublesome, problematic, complicated",adj
སྤ་སེ་,"ticket, pass",n
འཆར་གཞི་,"plan, project, proposal",n
སྒུག་པ་,"to wait, to await, to wait for   (ཐ་དད་པ་)",v
བོང་བུ་,"donkey, ass",n
ལག་འཁྱེར་,"passport, permission, permit",n
ཡུལ་སྐོར་སྤྲོ་འཆམ་,"sightseeing, tourism",n
བར་ཆད་,"obstacle, hindrance, interference",n
ཁོར་ཡུག་,"environment, atmosphere, ambience",n
ཆོག་མཆན་,"permit, visa, authorization, approval",n
ཆོག་མཆན་ཞུ་བ་,"to get a permit, apply for a permit   (ཐ་དད་པ་)",v
ལྷོད་ལྷོད་བྱས་ནས་,"relaxed, leisurely, in a relaxed way",adj
ལམ་ཡིག་,"travel document, permit, passport",n
སྡོད་པ་,"to sit, stay, be seated   (ཐ་མི་དད་པ་)",v
སྦག་སྦག་,motorbike,n
རྟ་,horse,n
ས་མཚམས་,"border, boundary, limit, frontier of a country",n
འཁྱམ་འཁྱམ་ལ་འགྲོ་བ་,"to go for a walk, stroll / to wander around   (ཐ་མི་དད་པ་)",v
གྲུ་གཟིངས་,"boat, ship",n
དུས་ཚོད་ཀྱི་རེའུ་མིག་,"timetable, schedule",n
གནས་སྐོར་,pilgrimage,n
མེ་འཁོར་,"train, rail",n
གཏོང་བ་,to drive   (ཐ་དད་པ་),v
འགྲིམ་འགྲུལ་ལས་ཁུངས་,travel agency,n
བློས་འཁེལ་པོ་,"reliable, trustworthy",adj
རྗེས་མ་ཟིན་པ་,"to miss / not catch (a train, a flight)   (ཐ་མི་དད་པ་)",v
སྟབས་བདེ་པོ་,"convenient, handy, easy",adj
སྐྱེལ་བ་,"to see off, to escort, to deliver, to take to   (ཐ་དད་པ་)",v
མོ་ཊ་,"car, automobile",n
ཁ་ལོ་བ་,"driver, chauffeur, pilot,",n
ཉོབ་པ་,"to get bored, to be upset, to dislike   (ཐ་མི་དད་པ་)",v
རྙོག་དྲ་བཤད་པ་,to complain   (ཐ་དད་པ་),v
རྗེས་ཟིན་པ་,"to catch, be on time for   (ཐ་དད་པ་)",v
རྐང་འཁོར་,bicycle,n
སྤ་སེ་བཏོག་པ་,to reserve a ticket   (ཐ་དད་པ་),v
གཞུང་ཚབ་ཁང་,"embassy, consulate",n
ཐད་འཕུར་གནམ་གྲུ་,helicopter,n
གནམ་གྲུ་,airplane,n
སྤྱི་སྤྱོད་རླངས་འཁོར་,bus,n
བྱུང་འཛིན་,"receipt, bill",n
རོགས་པ་,"companion, help",n
མོ་ཊ་གླ་བ་,to rent / hire a car   (ཐ་དད་པ་),v
དཀའ་ངལ་ཕྲད་པ་,"to face troubles, to encounter difficulties, problems   (ཐ་མི་དད་པ་)",v
སྤ་སེ་ཉོ་བ་,to buy a ticket (in advance)   (ཐ་དད་པ་),v
ཚང་ཀ་ཚ་པོ་,"crowded, packed",adj
ཞོན་པ་,"to ride (a vehicle, a horse)   (ཐ་དད་པ་)",v
ཞེད་པ་,"to fear, to be afraid of   (ཐ་མི་དད་པ་)",v
གོམ་པ་བརྒྱབ་ནས་འགྲོ་བ་,"to go on foot, to go by walk (ཐ་མི་དད་པ་)",v
ནང་ལོགས་ལ་,"inside, in",prep
རྐང་ཐང་ལ་འགྲོ་བ་,to go walking (ཐ་མི་དད་པ་),v
ཀྱོག་པ་,to turn (ཐ་མི་དད་པ་),v
ལམ་ཀ་ནོར་བ་,to lose one's way (ཐ་མི་དད་པ་),v
གདོང་ཐུག་རྒྱག་པ་,"to have an accident, to bump into each other (ཐ་མི་དད་པ་)",v
ཤར་རྒྱག་,"straight, vertical, directly","adv, adj"
མདུན་ལ་,in front of,adv
དཀྱིལ་ལ་,"in the middle, in the centre",adj
ཐད་ཀར་,"straight, direct, directly // ཤར་རྒྱག ཁ་ཐུག་","adj, adv"
སྐད་ཆ་འདྲི་བ་,to ask (ཐ་དད་པ་),v
སྐས་འཛེག་འཛེག་པ་,to climb stairs (ཐ་དད་པ་),v
རྒྱང་པོ་,in the distance // རྒྱང་། རྒྱང་རིང་པོ།,adj
ཐག་ཉེ་པོ་,"close, near",adj
གྱེན་,upwards,adv
ཐུར་,"sloping downwards, descending","adv, adj"
འཁྲིས་ལ་,"close by, nearby, next to // གམ་དུ་, འགྲམ་ལ་","adv, adj"
བར་དུ་,"until, up to","prep, conj"
ཉེན་ཁ་,"danger, risk",n
ལམ་ཀ་རྙེད་པ་,to find the way (ཐ་མི་དད་པ་),v
གུ་དོག་པོ་,"narrow, small, tight",adj
ཞག་རྩི་,"fat, oil (liquid)",n
སྒང་ལ་,"on top of, up, above, over","adv, prep"
ཁ་བྱང་,address,n
ཐག་རིང་པོ་,"far, distant",adj
འཁྲིད་པ་,"to lead, to guide, to teach a lesson (ཐ་དད་པ་)",v
ཕྱི་ལོགས་ལ་,"outside, out","adv, prep"
གཡས་གཡོན་ལ་,"around, surrounding, on either side (lit. right and left)","adv, prep"
ལོག་པ་,"to return, to go / come back (ཐ་མི་དད་པ་)",v
ལམ་ཀ་,"road, path",n
འགྲོ་ས་,"path, way (lit. place to go)",n
བཀའ་འདྲི་ཞུ་བ་,to ask (Hh) (ཐ་དད་པ་),v
གཟབ་གཟབ་བྱེད་པ་,to be careful (ཐ་དད་པ་),v
དལ་པོ་བྱས་ནས་,"slowly, not busy, in a relaxed way",adv
བྲེལ་བ་ཚ་པོ་,busy,adj
གུ་ཡངས་པོ་,"vast, spacious, broad, wide",adj
ཚང་ཀ་རྒྱག་པ་,to be crowded (ཐ་དད་པ་),v
ཡར་མར་,back and forth (lit. up and down),adj
ཕར་ཕྱོགས་,"opposite side, other side",n
མགྱོགས་ག་,"faster, quicker",adv
བཞི་མདོ་ཁ་,"crossroads, intersection where four roads meet",n
གཡོན་ཕྱོགས་,left side,n
ལམ་ཀ་བཙལ་བ་,to look for one's way (ཐ་དད་པ་),v
ཟུར་,"edge, corner, side",n
རྒྱལ་སྒོ་,"main gate, main entrance",n
རྒྱ་ལམ་,"main road, main street",n
མགྲོན་ཁང་,"guest house, hotel",n
འགྲམ་ལ་,"side, nearby, besides","adv, adj"
ཆེད་དུ་,"for, for the sake of, in order to",prep
རྒྱབ་ལོགས་ལ་,"behind, at the back of","adv, prep"
ག་ལེ་,"slow, soft, gentle",adj
འགྲོ་སའི་ལམ་ཀ་,road which leads to...,n
བར་ལ་,between,conj
སྐོར་ལ་,"about, regarding",prep
གསུམ་མདོ་ཁ་,"crossroads, intersection where three roads meet",n
ལམ་ཀ་སྟོན་པ་,to show the way (ཐ་དད་པ་),v
ཚུར་ཕྱོགས་,this side,"n, adj, adv"
ཡར་,"upwards, up","adv, prep"
མགྱོགས་པོ་,"fast, quick // soon","adj, adv"
མར་,"below, downwards, down","adv, adj"
འོག་ལ་,"under, below, underneath","adv, prep"
གཡས་ཕྱོགས་,right side // ལག་པ་གཡས་ཕྱོགས།,n
མགྱོགས་ལམ་,shortcut,n
བཟོ་ལྟ་,"style, manner, look",n
ཉལ་ཁང་,"bedroom, dormitory",n
ཉལ་ཁྲི་,bed,n
ཕྱིས་པ་,"to erase, to sweep away, to clean up   (ཐ་དད་པ་)",v
ཁ་གདན་,"cushion, mattress, rug",n
གློག་ཐབ་,electric stove,n
མཐུན་རྐྱེན་,facilities,n
ཁང་པ་གླ་བ་,"to rent an apartment, house (as tenant)   (ཐ་དད་པ་)",v
གློག་བསོད་པ་,to switch off the light (lit. to kill the light)   (ཐ་དད་པ་),v
ཆབ་ཁང་,toilet (H),n
གནས་ཚང་གཡར་བ་,"to find lodging, to give lodging   (ཐ་དད་པ་)",v
ཁང་གླ་,"money for rent, house rent, room rent",n
གསོལ་ཐབ་,"stove, hearth (H)",n
གསང་སྤྱོད་,"lavatory, toilet, bathroom, washroom, restroom (not polite)",n
སྐས་འཛེགས་,stairs,n
བརྙན་འཕྲིན་,television,n
གཙང་མ་,"clean, neat",adj
ཉལ་ཆས་,"blankets, sleeping bag",n
ཚོམས་ཆེན་,"reception hall, assembly hall, living room",n
རླུང་འཕྲིན་,radio,n
ཕྱགས་མ་རྒྱག་པ་,"to sweep, to use a broom   (ཐ་དད་པ་) // གད་རྒྱག་པ་",v
ནང་སྤོ་པ་,"to move house, to move",v
རྒྱལ་སྒོ་,"main door, main entrance",n
ས་གདན་,floor rug,n
དེང་རབས་ཅན་,modern // དེང་དུས་,n
ལྡུམ་རྭ་,garden,n
ཁྱིམ་མཚེས་,neighbour,n
འཁྲུས་ཁང་་,washroom,n
འབུ་,"insect, bug, maggot, worm",n
གཟིམ་ཁང་,"house, bedroom, hermitage (H)",n
ས་མཐིལ་,floor // ཞ་ལ་,n
གློག་སྤར་བ་,to turn on the light   (ཐ་དད་པ་),v
སྒོ་ལྕགས་,"lock, padlock",n
ཐབ་,stove,n
གཙང་མ་བཟོ་བ་,"to clean, to make clean   (ཐ་དད་པ་)",v
བཙོག་པ་,"filthy, dirty, unclean",adj
ཐོག་བརྩེགས་,"floor, storey (first, second, etc)",n
ཁང་གླ་གཏོང་བ་,"to rent / let out an apartment, house (as landlord)   (ཐ་དད་པ་)",v
མགྲོན་ཁང་,"hotel, guest house, lodge",n
རྩ་ལ་,"at someone's, at someone's house, close, nearby","adv, prep"
ཁང་མིག་,"room, compartment",n
གྲྭ་ཤག་,chamber for monks,n
ཁང་བདག་,"house owner, landlord",n
ཐལ་བ་,dust,n
ཁང་པ་,"house, building, apartment, domicile, habitation",n
ནང་,"home, house // ཁང་པ་",n
ཁུ་སིམ་པོ་,"quiet, peaceful, calm",adj
གློག་,"electricity, power, light",n
བཞུགས་ས་,"place to stay, home, house (H)",n
སྡོད་ས་,"place to stay, home, house",n
ཚོས་གཞི་,color,n
ཞྭ་མོ་,"hat, cap",n
ཆ་,pair,adj
མུ་ཏིག་,pearls,n
འོག་འཇུག་,"blouse, underwear, shirt, undershirt",n
དྲོད་པོ་,warm,adj
དབྱིངས་ཚ་པོ་,"fashionable, fancy",adj
གྱོན་བདེ་པོ་,comfortable to wear,adj
དུག་སློག་གྱོན་སྟངས་,ways of dressing,n
རྐང་སུག་,"socks, stockings",n
རྩུབ་པོ་,"rough, harsh, coarse",adj
དངོས་གནས་,"really, true","adj, adv"
ལྷམ་གོག་,"shoes, boots",n
ཆར་སླེ་,"raincoat // ཆར་ཁེབས་, ཆར་གོས་",n
ཕུ་དུང་་,sleeves // ཕུ་ཐུང་།,n
ལག་ཤུབས་,gloves,n
ཕྱིང་པ་,felt,n
བེད་སྤྱོད་ཆེན་པོ་,"used a lot, often used, useful",adj
ཆར་གདུགས་,umbrella for the rain,n
ཨ་མཆོག་གི་རྒྱན་ཆ་,ear ornaments,n
སྤྲིན་བལ་,cotton,n
བྱུ་རུ་,coral,n
གོས་ཐུང་,"trousers, pants",n
རྒྱན་ཆ་,"ornaments, jewellery",n
གཡར་བ་,"to lend, to borrow   (ཐ་དད་པ་)",v
སྔོ་སྐྱ་,"bluish, light blue","n, adj"
སྐེ་རྒྱན་,necklace,n
མིག་ཤེལ་,"glasses, sunglasses, goggles",n
དངུལ་,silver,n
ཨ་ལོང་,earring,n
རལ་བ་,"to be torn, to be worn out   (ཐ་མི་དད་པ་)",v
ཉི་གདུགས་,umbrella for the sun,n
པང་གདན་,Tibetan apron,n
ཁ་དཀྲི་,scarf,n
འགྱིག་,"rubber, synthetic (lit. plastic)",n
རྫིག་པོ་,"handsome, impressive (males)",adj
ཆར་གོས་,"rain coat // ཆར་ཁེབས་, ཆར་སླེ་",n
ཕྱུ་པ་ཕུ་མེད་,sleeveless chupa,n
བསིལ་ལྷམ་,"slippers, sandals",n
གཡུ་,turquoise,n
དར་གོས་,silk,n
དུག་སློག་,"clothes, clothing // གྱོན་ཆས་",n
རས་,"cloth, fabric",n
སྐེ་རགས་,"belt, sash, scarf worn around the waist",n
ཀོ་བ་,leather,n
འཚེམ་པ་,to sew   (ཐ་དད་པ་),v
གྲྭ་ཆས་,"robes, monk's dress",n
གཡོགས་པ་,"to cover, to dress, to hang (on someone else)   (ཐ་དད་པ་)",v
གྱོན་ཆོག་གི་རེད་,it’s fine if one wears...,
རག་པ་,"to get, to receive, to obtain, to find   (ཐ་མི་དད་པ་)",v
གྱོན་ཆས་,"clothes, clothing // དུག་སློག་",n
མཐུག་པོ་,"thick, dense",adj
བཅིངས་པ་,"to fasten, to bind, to put fetters   (ཐ་དད་པ་)",v
སྟོད་ཐུང་ཕུ་མེད་,sleeveless shirt,n
སྟོད་ཐུང་,"shirt, t-shirt, blouse, upper garment",n
སྒྲིག་ཆས་,uniform,n
ལེན་པོ་,"suitable, fitting // རན་པོ།",adj
སྨད་གཡོག་,skirt,n
ཕྱུ་པ་,"traditional Tibetan dress, chupa, coat",n
བཏགས་པ་,"to wear, to put on ornaments, to hang, to tie up or bind (ཐ་དད་པ་)",v
ཚིགས་ཁེབས་,"finger ring, ring, ornament worn above the elbow",n
ཀྲབ་ཀྲབ་,"thin, light",adj
ཆུ་ལྷམ་,rain boots,n
དབྱིན་ཇིའི་དུག་སློག་,Western clothing,n
གསེར་,gold,n
གཟན་,upper dress of a monk's robe,n
སྙིང་རྗེ་པོ་,"beautiful, nice",adj
མཛེས་མ་,"pretty, beautiful (female)",adj
བོད་ཆས་,"Tibetan dress, Tibetan clothing",n
ཁ་ཤས་,"some, a few // འགའ་ཤས་","pro, adv"
དགའ་ཤོས་,favourite,adj
གྱོན་པ་,"to wear, to put on, to dress   (ཐ་དད་པ་)",v
འཇམ་པོ་,"smooth, gentle, soft",adj
མཚམས་མཚམས་ལ་,"sometimes, once in a while, occasionally",adv
དྭང་བླངས་པ་,volunteer,n
འཕྲུལ་ཆས་,"machine, device",n
ཞིབ་འཇུག་བྱེད་པ་,"to do research, to assess, to study",v
གནས་སྟངས་,situation,n
ལྟ་སྐྱོང་བྱེད་པ་,"to take care of, to look after, supervise",v
ཕན་ཡོན་,"advantage, benefit",n
ལས་ཀ་རག་པ་,"to get, to find a job   (ཐ་མི་དད་པ་)",v
འཚོ་བ་སྐྱེལ་བ་,"to make a living, to live, to earn a living",v
ཞབས་ཕྱི་,"servant, attendant (esp. attendant of Rinpoche or teacher)",n
ནོར་འཁྲུལ་ཤོར་བ་,to make a mistake,v
ལས་བྱེད་པ་,"worker, member of staff",n
ཁྲིམས་དཔོན་,judge,n
རོལ་དབྱངས་པ་,musician // རོལ་ཆ་བ། རོལ་དབྱངས་གཏོང་མཁན།,n
ངོ་མཁྱེན་པ་,to know / recognize somebody (H)   (ཐ་མི་དད་པ་),v
ཉེན་རྟོག་པ་,"watchman, policeman, security guard",n
འཇོན་པོ་,"able, capable, bright, efficient",adj
སྲིད་དོན་མཁས་པ་,politician,n
ངའི་བསམ་ཚུལ་ལ་,"From my way of thinking, in my opinion",
མི་ཚེའི་ལོ་རྒྱུས་མདོར་བསྡུས་,"C.V., curriculum vitae, resume",n
ཡོང་འབབ་,income,n
རྒས་ཡོལ་ཞུ་པ་,to retire // རྒས་ཡོལ་ཐོན་པ།,v
གཟུགས་པོ་ཐང་པོ་,healthy,adj
འཆར་འགོད་པ་,engineer,n
སོ་པ་,"spy, watchman",n
ཨེམ་ཆི་,"doctor, physician",n
བསོད་ནམས་གསོག་པ་,to accumulate merit,v
སྒྱུ་རྩལ་,arts,n
ཚོགས་འདུ་,"meeting, conference",n
སེམས་ཁམས་རིག་པ་,psychology,n
ཉམས་མྱོང་གསོག་པ་,"to gather experiences, to gain experience",v
རྩིས་པ་,accountant,n
སྙན་ཞུ་འཕུལ་བ་,"to apply, to solicit aid",v
སྐྱོ་པོ་,poor,adj
ཤུགས་ཆེན་པོ་,strong,adj
སྐད་རིགས་,langauge,n
དཀའ་ལས་རྒྱག་པ་,"to make an effort, to struggle",v
དཔལ་འབྱོར་,"wealth, economy, prosperity",n
ནད་གཡོག,caregiver,n
གསར་འགོད་པ་,journalist,n
བློས་འཁེལ་པོ་,"reliable, trustworthy",adj
ལས་འགན་,"duty, responsibility",n
འཁྲབ་མཁན་,"actor, actress",n
ངོ་ཤེས་པ་,to know / recognize somebody   (ཐ་མི་དད་པ་),v
བྱེད་སྒོ་,"activities, duties, things to do",n
གླ་ཆ་,"salary, fee",n
ཚོད་དཔག་བྱེད་པ་,"to guess, to estimate   (ཐ་དད་པ་)",v
ཕྱུག་པོ་,rich,adj
སྲིད་དོན་པ་,politician,n
འདམས་པ་,"to choose, to select",v
དགེ་རྒན་,teacher,n
གཞོན་གཞོན་,young,adj
ཚོགས་པ་,"group, organization, collective",n
སྡིག་པ་གསོག་པ་,to accumulate misdeeds,v
ཚན་རིག་པ་,scientist,n
མེ་མདའ་,"gun, weapon",n
རྩོམ་པ་པོ་,"writer, author, composer",n
གང་འདྲས་ཟེ་,how (verb) ?,int
དཔོན་པོ་,"chief, official",n
དྲུང་ཡིག་,secretary,n
ལག་རྩལ་,"handicraft, technique, skill",n
དྲང་པོ་,"honest, right, straight",adj
གཟུགས་པོ་རིང་པོ་,"tall, long (for a living being)",adj
ལྟད་མོ་ཆེན་པོ་,"entertaining, nice to see",adj
ལས་ཁུངས་,office,n
ཕན་པ་,"to benefit, to be beneficial",v
བཟོ་གྲྭ་,"factory, workshop",n
དམག་མི་,"soldier, warrior, army",n
མང་རུ་འགྲོ་བ་,"to become more, increase",v
ལས་ཀ་བཙལ་བ་,to look for work (ཐ་དད་པ་),v
དངུལ་གསོག་པ་,to save money,v
ཉུང་རུ་འགྲོ་བ་,"to decrease, to become less",v
གནོད་པ་,"to harm, to be harmful",v
བརྟན་པོ་,"firm, stable, strong",adj
གལ་ཆེན་པོ་,"important, crucial",adj
སློབ་གྲྭ་ཐོན་པ་,"to graduate, to finish school",v
གཞས་གཏོང་མཁན་,singer,n
རྫ་མཁན། རྫ་མ་བཟོ་མཁན་,potter,n
གཟུགས་པོ་ཐུང་ཐུང་,"short, small (for a living being)",adj
ཞབས་ཞུ་བ་,"waiter, waitress, social worker",n
སྲོག་ལ་ཉེན་ཁ་,"danger concerning one's life, life threatening",n
ལག་ཆ་,"tool, instrument",n
ལྷ་འབྲི་པ་,"artist, painter, thangka painter",n
མཁས་པ་,"skilled, skilful, learned",adj
རོགས་རམ་ཚོགས་པ་,"aid, relief agency",n
ཞིང་པ་,farmer,n
འགོ་འཁྲིད་,"boss, leader, head",n
བཟོ་པ་,craftsman,n
ངས་བྱས་ན་,"in my opinion, in my view",
རྔོན་པ་,hunter,n
ཤ་རྒྱགས་པ་,"fat, big sized",adj
དམིགས་ཡུལ་,"aim, goal, objective",n
སྐད་གྲགས་ཆེན་པོ་,"famous, well known",adj
ཤིང་བཟོ་བ་,carpenter,n
ཤ་སྐམ་པོ་,"thin, slim",adj
མ་བྱན་,"cook, chef",n
དཀའ་ལས་ཁག་པོ་,"difficult, tiring",adj
ལེ་ལོ་ཚ་པོ་,lazy,adj
ལས་མེད་,unemployed,adj
སྐྱོན་,"flaw, fault, disadvantage",n
ལས་ཀ་,"work, job, profession, occupation",n
གྲུམ་བུ་ན་ཚ་,arthritis // གྲུམ་ནད་,n
ཚབས་ཆེན་པོ་,"acute, serious, severe, grave // ལྗིདཔོ་",adj
ཚ་བ་འཕར་བ་,to have a fever // ཚ་བ་འབར་བ་,v
དུས་ཐོག་ལ་,on time,adv
དུས་ཐོག་ལ་,on time // དུས་ཚོད་ལ་,adv
རྒས་འཁོགས་,old person,n
ཁྲག་ཤེད་,blood pressure,n
ཐུགས་ཁྲལ་གནང་བ་,to worry (H),v
ལྗིད་པོ་,"heavy, severe",adj
གསོ་བ་རིག་པ་,medicine (the subject / the study of),n
ཟུག་བཅག་སྨན་,pain medication,n
གྲག་གི་སྡེ་ཚན་,blood type,n
རླུང་ཚ་པོ་,"angry, short tempered",adj
སྣང་ཆུང་,"unimportant, insignificant",adj
བཤལ་བ་,to defecate (medicinal texts),v
མགོན་མེད་,"alone, without protector or refuge",adj
རྨ་,"wound, sore, injury",n
འཕྲོད་བསྟེན་,"health, sanitation",n
མཛེ་ནད་,leprosy,n
བཅུད་ཆེན་པོ་,nutritious,adj
དགུང་ལོ་མཐོན་པོ་,old (H),adj
རྒྱུན་ལྡན་,"normal, regular","adv, adj"
རྐང་པའི་སོར་མོ་,toes // རྐང་མཛུབ་,n
སྐྲན་ཆགས་པ་,to swell,v
སྐྲིན་ནད་,cancer,n
བཤག་བཅོས་,surgery,n
ལྡབ་ལ་འརྒྱུར་བ་,to multiply,v
སྐུ་གཟུགས་གསལ་ཐང་,(h) good health // སྐུ་གཟུངས་བདེ་པོ། སྐུ་གཟུགས་ཐང་པོ།,n
ལུས་ཀྱི་ཆ་ཤས་,body parts,n
ཏོག་དབྱིབས་ན་ཚ་,COVID 19 illness // ཏོག་དབྱིབས་གཉན་རིམས་ ༡༩,n
ཆུ་ལོག་,"floods, torrents",n
སྐུ་བལྟམས་,"be born, take birth (H)",v
ནད་ཡམས་,epidemic,n
ན་ཚ་ཕོག་པ་,"to be struck by a disease, to get a disease",v
ཆག་པ་,"to break, to be broken (invol.)",v
སྨན་བཅོས་བྱེད་པ་,"to give treatment, to treat, to cure",v
མགོ་ཡུར་འཁོར་བ་,to be dizzy,v
ན་ཚ་འགོས་པ་,"to be infected, to be be contaminated by a disease",v
ཟུག་རྒྱག་པ་,"to hurt, to ache",v
ཁ་གདང་བ་,to open one's mouth,v
རྨས་པ་,"to injure་(one's self), to be injuredཐ་མི་དད་པ་",v
བདེ་པོ་ཞེ་དྲགས་མི་འདུག,I am not too well.,
ཟུག་,pain,n
ཨེམ་ཆི་བསྟེན་པ་,"to attend, to go and see a doctor",v
ངལ་གསོ་རྒྱག་པ་,"to take a rest, to relax, to recover",v
བརྟག་དཔྱད་བྱེད་པ་,"to examine, to investigate, to analyze (used for a doctor to examine a patient)",v
རྨས་སྐྱོན་གཏོང་བ་,to injure (both self and others)ཐ་དད་པ་ & ཐ་མི་དད་པ་ // རྨས་པ། གནོད་པ་བྱེད་པ། གནོད་པ།,v
གསོལ་སྨན་,medicine (H),n
དྲག་པ་,"to get better, to recover from a disease",v
ཁ་ཏིག་,bitter,adj
སྙུང་བ་,"to be sick, to be ill, to hurt, to ache (H)ན་གི་ཞེ་ས།",v
སྡུག་ཅག་,"bad, ugly, tough",adj
གྲོད་ཁོག་བཤལ་བ་,to have diarrhoea,v
དྲོད་འཇམ་,"warm, lukewarm",adj
གློ་རྒྱག་པ་,to cough,v
འཆར་ཅན་,"normally, habitually, [plan-possessinng] // ནམ་རྒྱུན་",adv
ལྕེ་,"tongue // ལྕེ་ལེ་, ལྕེ་ལེབ་",n
སྐྱུག་པ་སྐྱུགས་པ་,"to vomit, throw up",v
རྔུལ་ནག་,sweat // རྔུལ་ཆུ་,n
རྩྭ་སྨན་,herbal medicine,n
སྙུང་གཞི་,"sickness, disease (H)ན་ཚ་གི་ཞེ་ས།",n
ལ་དུག་,"altitude sickness, mountain sickness",n
དམའ་བོ་,low,adj
སྨན་,medicine,n
ཆམ་པ་རྒྱག་པ་,"to have a cold, to have the flu",v
མཆིན་པའི་ན་ཚ་,liver disease,n
དྭངས་པ་,"to recover, to get better (H)",v
བཤལ་ནད་,diarrhoea,n
རྐང་མར་,Bone marrow,n
མང་ཙམ་,"mostly, much // མང་པོ་ཨོ་ཙམ་",adv
རོ་,corpse // མི་རོ་,n
རྐང་པ་,foot,n
བོད་སྨན་,Tibetan medicine,n
གནོད་པ་,to harm,v
ན་ཚ་,"sickness, disease  (syn: ནད་) // ནད། སྙུང་གཞི།",n
ཁབ་རྒྱག་པ་,to give an injection,v
ན་བ་,"to be sick, to be ill, to hurt, to ache // ཟུག་རྒྱག་པ་",v
གདོང་པ་,face,n
ནད་པ་,"sick person, patient",n
གནོད་པ་བྱེད་པ་,to bring harm,v
རིལ་བུ་,pills,n
མཐོ་པོ་,high,adj
སྨན་ཁང་,"hospital, clinic",n
མཆེ་བ་,"fang, tusk",n
སྲུང་སྐྱོབ་བྱེད་པ་,"to protect, to guard, to save (ཐ་དད་པ་)",v
རྫིག་པོ་,"handsome, impressive (males)",adj
ཉར་བ་,"to take care of, to look after",v
སྦྲུལ་,snake,n
ལུད་,fertilizer,n
བློ་ཁོག་ཆེན་པོ་,"brave, courageous, valiant",adj
རྔོན་རྒྱག་པ་,to hunt // རི་དྭགས་རྒྱག་པ། རི་དྭགས་རྔོན་པ།,v
རྟ་,horse,n
བློས་འཁེལ་པོ་,reliable,adj
མངར་མོ་,sweet,"adj, n"
སྙིང་རྗེ་ཆེན་པོ་,compassionate,adj
སྲོག་གཅོད་པ་,to take the life,v
ཨ་མཆོག་སངས་པོ་,sharp of ear faculties // ཨ་མཆོག་རྣོན་པོ།,adj
བཀག་པ་,"to tie up, to stop",v
ཚོན་ཁྲ་,colourful,adj
མཐུག་པོ་,"thick, dense",adj
སྟག་,tiger,n
རྔ་མ་,tail // གཞུ་གུ་,n
གླ་བ་,musk deer,n
དམར་ཟས་,"meat, non-veg food",n
གསོ་བ་,"to keep, to raise",v
ལྗིད་གོག་ཚ་པོ་,heavy // ལྕི་པོ། ལྗིད་པོ།,adj
སྦྲང་ནོར་བུ་,bee // སྦྲང་བུ།,n
ཤ་གཟན་སྲོག་ཆགས་,carnivore,n
འོ་མ་འཐུང་སྲོག་ཆགས་,mammal,n
...ལ་སེམས་ཆགས་ནས་,wanting / desiring ... (adverbial),adv
རྟ་རྒྱུགས་ཀྱི་འགྲན་སྡུར་,horse race,n
འཇུ་བ་,digest,v
བཀའ་དྲིན་ཆེན་པོ།,worthy of gratitude,adj
བློ་ཁོག་ཆུན་ཆུང་་,cowardly,adj
བྲེལ་བ་,hurry,n
ནུབ་པ་ཆེན་པོ་,powerful // སྟོབས་ཤུགས་ཅན། ཁཿ དབང་ཤུགས་ཅན། ཤུགས་ཆེན་པོ།,adj
ཞེད་སྣང་ཚ་པོ་,"scary, terrifying",adj
གསོད་པ་,"to kill, to slaughter // སྲོག་གཅོད་པ།",v
མཆོངས་པ་,"to jump, to plunge",v
ཤ་སྤང་བ་,to give up meat,v
ཚེ་ཐར་གཏོང་བ་,to free animals who have been condemned to death,v
སྤྱང་པོ་,"smart, clever",adj
སོ་རྣོ་པོ་,sharp teeth,n
ཤ་ཁྲ་སྐེ་རིང་,giraffe,n
སྤྱང་ཀི,wolf // སྤྱང་ཁྱི་,n
གཞུ་,bow,n
གོ་ཐལ་གྱི་མདོག,ash color,adj
རྙོག་དྲ་,"problem, trouble // དཀའ་ངལ་",n
བཙོག་པ་,dirty,adj
སོས་པ་,fresh,adj
ལེ་ལོ་,lazy // ལེ་ལོ་ཚ་པོ།,adj
རུས་སྦལ་,"turtle, tortoise",n
རྫི་རྣོན་པོ་,keen of smell sense,n
བརྩོན་འགྲུས་ཆེན་པོ་,diligent,adj
ཁྱད་ཆོས་,"features, characteristics",n
ཆ་བཤད་ན་,for example // དཔེར་ན་,
ཁོག་ལྡིར་,teapot,n
མདེའུ་,bullet,n
རྒྱུས་,"familiar, to be familiar // (not གོམས་ to familiarize)",v
རྙོག་དྲ་ཚ་པོ་,"troublesome, annoying, complex",adj
ཧམ་པ་ཆེན་པོ་,"greedy, pushy, brave",adj
ཉམ་ཆུང་་,humble,adj
ལེན་པོ་,"fitting, suitable // རན་པོ།",adj
སྡོམ་,spider,n
སྦྲང་རྩི་,honey,n
འབྲི་,female yak,n
ཙི་ཙི་,"mouse, rat",n
རྨ་བྱ་,peacock,n
སྙན་པོ་,"pleasant to hear, interesting",adj
བེད་སྤྱོད་ཆེན་པོ་,used frequently,adj
སྟོབས་ཆེན་པོ་,"strong, sturdy",adj
དུག་སྦྲང་,mosquito,n
རླུང་ཚ་པོ་,short tempered,adj
ཁ་ཚ་པོ་,"spicy (food, hot)",adj
སྐྱུར་མོ་,sour,"n, adj"
གཅན་གཟན་ཁང་,zoo // སྤྱན་གཟིགས་ཁང་,n
དྲེལ་,mule,n
ཁ་ཏིག,bitter,adj
གཤོག་པ་,wings,n
ཝ་,fox,n
ནེ་ཙོ་,parrot,n
ལོ་ཆེན་པོ་,old (people and animals) // དགུང་ལོ་ཆེན་པོ།,adj
བྱ་སྤུ་,"feather, down",n
བོང་བུ་,"donkey, ass // བོང་གུ།",n
ཐག་ཉེ་པོ་,"close, near","adj, adv"
གཟུགས་པོ་རིང་པོ་,"tall, long",adj
ཤུགས་ཆེན་པོ་,"strong, powerful",adj
སྦྲང་ནག,fly,n
བ་ཕྱུགས་,cow,n
འུག་པ་,owl,n
ཐོབ་ཐང་,"right, status, position, share",n
འབྲུག,dragon,n
ཞི་མི་,cat,n
སྤྲེའུ་,monkey,n
ཐག་རིང་པོ་,"far, distant",adj
སྡུག་ཅག,bad,adj
གཙང་མ་,clean,adj
ངང་པ་,goose,n
གསར་པ་,new,adj
ཁུ་སིམ་པོ་,quiet,adj
རིང་པོ་,long,adj
གྲོག་མ་,ant,n
མ་ཧེ་,water buffalo,n
དོད་འགྲོ་,animal (more literary),n
ཕན་ཐོགས་ཆེན་པོ་,beneficial,adj
གཟུགས་པོ་ཡང་པོ་,"light, small in bodyweight",adj
རྩ་གཟན་སྲོག་ཆགས།,herbivore,n
འཇམ་པོ་,"soft, smooth",adj
ཁྱི་,dog,n
རྔ་མོང་,camel,n
བ་གླང་,ox,n
རི་བོང་,rabbit,n
སྦལ་པ་,frog,n
ལུག,sheep,n
སྤུ་,"body hair, fur",n
སྐམ་པོ་,dry,adj
དཀར་ཟས་,dairy products,n
ཆུ་སྲིན་,crocodile,n
རློན་པ་,wet,adj
སེང་གེ་,lion,n
གཟིག,leopard,n
རྙིང་པ་,old (things),n
ཞེད་པ་,"to fear, to be afraid of (ཐ་མི་དད་པ་)",v
མི་རྒོད་,"gorilla, ape",n
རོབ་ཙམ་,"rough(ly), not thoroughly or completely","adj, adv"
ཁ་སངས་པོ་,"talkative, easy to talk to",adj
སོ་རྒྱག་པ་,to bite,v
དོམ་,bear,n
ཕག་པ་,pig,n
བྱ་,bird,n
འདྲེས་མ་,mixed,adj
བྱ་རྒོད་,vulture,n
སེམས་ཅན་,"animal (col.), sentient being (lit.) // animal",n
བསིལ་པོ་,cool,adj
ཚང་ཀ་ཚ་པོ་,crowded,adj
ར་,goat,n
གླང་ཆེན་,elephant,n
ཐུང་ཐུང་་,short,adj
གཡག,yak,n
ཉ་,fish,n
ལུམྦི་ནི་,"Lumbini, Buddhas birthplace",n
གཏེར་ཆེན་བུམ་པ་,the treasure vase (3) // གཏེར་ཆེན་པོའི་བུམ་པ།,n
བཀྲ་ཤིས་རྟགས་བརྒྱད་,the eight auspicious signs,n
སྟག་མོ་ལུས་སྦྱིན་,Namobuddha,n
མཆོད་མེ་ཕུལ་བ་,to offer butter lamps (ཐ་དད་པ་) // མར་མེ་ཕུལ་བ།,v
བསང་གཏོང་བ་,to perform smoke ritual,v
གསེར་གྱི་འཁོར་ལོ་,the golden wheel of the doctrine (8),n
ཞལ་འདེབས་ཕུལ་བ་,to make a donation (ཐ་དད་པ་),v
རླུང་རྟ་དམའ་བོ་,unlucky,adj
ཁ་ཏོན་འདོན་པ་,"to do recitations, daily practice (ཐ་དད་པ་) // ཁ་འདོན་བྱེད་པ་",v
སྐུ་རྟེན་,representation of the body of the Buddha – statues,n
བསོད་བདེ་ཆེན་པོ་,"fortunate, lucky // བསོད་ནམས་ཆེན་པོ།",adj
དད་པ་སྐྱེད་པ་,to generate faith,v
མཆོག་གི་རྒྱལ་མཚན་,the victory banner (7),n
སངས་རྒྱས་,"the Buddha, the awakened one",n
ཐུགས་རྟེན་,representations of the mind of the Buddha – stupas,n
གནས་མཇལ་,pilgrimage,n
ཕྱག་འཚལ་བ་,to do prostrations,v
གངས་རིན་པོ་ཆེ་,Mount Kailash // གངས་ཏི་སེ།,n
དུང་དཀར་གཡས་འཁྱིལ་,the white conch shell coiling to the right (5),n
སྤོས་,incense,n
ཀུན་སློང་བཟང་པོ་སྐྱེད་པ་,to give rise to a pure motivation,v
རིན་ཆེན་གདུགས་,the precious parasol  (1),n
བསོད་ནམས་གསོག་པ་,to accumulate merit (ཐ་དད་པ་),v
རྟེན་འབྲེལ་ཡག་པོ་,auspicious,adj
དཔལ་གྱི་བེའུ་,"the knot of eternity (6), glorious knot [glory-of-calf]",n
གསུང་རྟེན་,representations of the speech of the Buddha – pechas // གསུང་གི་རྟེན།,n
རྣམ་ཐར་,"life stories of holy beings, hagiography",n
ཚེས་པ་བཅོ་ལྔ་,full moon day,n
བྱིན་རླབས་ཆེན་པོ་,"greatly blessed, great blessing",adj
རྡོ་རྗེ་གདན་,"Bodhgaya, place of enlightenment",n
ཉམས་ལེན་བྱེད་པ་,to practice in a religious sense,v
མཚམས་ལ་སྡོད་པ་,to stay in retreat  ཐ་མི་དད་པ་),v
རྩྭ་མཆོག་གྲོང་་,"Kushingar, where the Buddha passed into nirvana",n
མཆོད་བཤམ་,altar,n
དྲི་མ་,smell,n
དམིགས་བསལ་,"special, extraordinary, unusual // དམིགས་གསལ།",adj
རླུང་རྟ་བཙུགས་པ་,to hang prayer flags,v
གནས་,"abode, (sacred) place",n
སེམས་གཏིང་ནས་,from the bottom of one's heart-mind // སྙིང་ཐག་པ་ནས།,adv
སྐུ་འདྲ་,statue,n
གླིང་ག་གཏོང་བ་,to have a picnic,v
མར་མེ་,butter lamp,n
རྩ་ཆེན་པོ་,"holy, sacred",adj
ཁ་བཏགས་,"khatag, white offering scarf",n
མ་ཎི་འཁོར་ལོ་སྐོར་བ་,to turn the mani wheel (ཐ་དད་པ་),v
ཕྱག་རྗེས་,handprint (H),n
གསེར་གྱི་ཉ་,the golden fish (2),n
རླུང་རྟ་མཐོ་པོ་,lucky,adj
མཆོད་རྟེན་,stupa,n
སྔོན་འགྲོ་བསགས་པ་,to do the preliminaries practices,v
ཚེས་བཟང་དུས་བཟང་་,"auspicious day, festival",n
པད་མ་བཟང་པོ་,the lotus (4),n
ཞབས་རྗེས་,footprint (H),n
སྨོན་ལམ་རྒྱག་པ་,"to make aspiration prayers, to   pray  (ཐ་དད་པ་)",v
དར་ལྕོག་བཙུགས་པ་,to hang [long] prayer flags,v
དུས་ཆེན་,"festival, holy day, celebration",n
ཝ་ར་ན་སི་,"Varanasi, Sarnath, first teaching (first turning of the wheel)",n
ཞབས་བརྟན་,"service, ritual, puja",n
ལོ་གསར་ཚེས་པ་དང་པོ་,first day of the New Year,n
གྲོད་ཁོག་ཆེན་པོ་,big stomach,n
ཉི་མ་,sun,n
རིག་གཞུང་,"custom, tradition",n
ཏག་སེ་རྒྱག་པ་,to play cards // ཏག་སེ་རྩེད་པ་,v
འགྲོ་སོང་གཏོང་བ་,to spend money,v
སྐྱིད་པོ་བྱེད་པ་,"to enjoy oneself, to have fun",v
ཞབས་བྲོ་འཁྲབ་པ་,to dance,v
དགའ་སྣང་ཆེན་པོ་,happily,adv
རིགས་སྣ་ཚོགས་,of various kinds,adj
ལོ་གསར་ཤོག་བྱང་,New Year's greeting card,n
རྐུ་མ,thief // རྐུན་པོ་,n
མཚན་གང་,"the whole night, all night long",adv
རྩམ་པ་གཏོར་བ་,to throw tsampa (as an offering),v
འབག་,mask,n
དགུ་གཏོར་,puja where tormas are offered on the 29th day of the 12th Tibetan month,n
འབྲས་སིལ་,sweet rice with wild sweet potato (གྲོ་མ་),n
མཆོད་གཤོམ་,house shrine,n
རྟེན་འབྲེལ་,"auspiciousness, good connection",n
རླུང་རྟ་,prayer flag,n
ཁ་ཟས་,fried pastry,n
བོང་བུའི་ཨ་མཆོག་,"donkey ears (Losar snack, special type of ཁ་ཟས་)",n
དགུ་ཐུག་,"the soup with nine ingredients, drunk on the 29th day of the month",n
བར་ཆད་སེལ་བ་,to dispel obstacles,v
ཨ་ལོང་,earring,n
འཆམ་,"monastic ritual dances, monk dance, masked dances",n
བླ་མ་མཇལ་བ་,to visit a lama,v
ཆང་སྐོལ་,"chang, boiled rice beer",n
ལོ་གསར་གཏོང་བ་,to celebrate Losar (Tibetan New Year),v
ལུགས་སྲོལ་,"customs, traditions",n
བསོད་བདེ་ཆེན་པོ་,"fortunate, having good merit (~luck)",adj
ཉིན་གང་,"the whole day, all day long",adv
བལ་,wool,n
བོད་པའི་ལོ་གསར་,Tibetan New Year,n
བོད་གཞས་,Tibetan songs,n
ཤེས་ཡོན་,"education, knowledge",n
སེར་སྣ་ལངས་པ་,"to give rise to stinginess, miserliness (syn: སེར་སྣ་བྱེད་པ་)   (ཐ་མི་དད་པ་)",v
བཀའ་དྲིན་ཆེན་པོ་,"having great kindness, someone towards whom we are grateful",adj
ཆོག་ཤེས་ཡོད་པ་,"contented, someone who is content // ཆོག་ཤེས་དང་ལྡན་པ་",adj
བློ་ཁོག་ཆེན་པོ་,"brave, courageous",adj
སེར་སྣ་ཚ་པོ་,"stingy, miserly",adj
འཇམ་པོ་,"gentle, soft, relaxed",adj
རྣམ་རྟོག་ཚ་པོ་,"(1) superstitious, (2) with lots of discursive thoughts་",adj
ཕན་ཐོགས་ཆེན་པོ་,beneficial,adj
བྲེལ་བ་ཚ་པོ་,"busy, very busy",adj
མགོ་མཁྲེགས་པོ་,stubborn,adj
འཚེ་བ་བྱེད་པ་,"to be violent, to harm",v
སྤྱོད་པ་འཚེ་བ་མེད་པ་,non-violent conduct,n
ཡར་རྒྱས་འགྲོ་བ་,to improve,v
ཡི་དྭགས་,hungry ghost,n
ཁ་ཡོད་ལག་ཡོད་,"practical, applicable",adj
སྡུག་ག་ཅིག་ལ་,unfortunately,adv
ཁ་སངས་པོ་,"talkative, easy to talk to, friendly, easy to relate to",adj
རླུང་ལངས་པ་,to get angry // ཁོང་ཁྲོ་ལངས་པ། ཁོང་ཁྲོ་ཟ་བ། འཚིག་པ་ཟ་བ། ཞེ་སྡང་ལངས་པ།,v
ནོར་འཁྲུལ་,"mistake, error",n
བརྟན་པོ་,"firm, stable, good",adj
ངང་རྒྱུད་རིང་པོ་,"tolerant, patient, having a forbearing nature, of good character // བཟོད་སྒོམ་ཆེན་པོ་",adj
བརྩོན་འགྲུས་ཆེན་པོ་,"diligent, persevering, rejoicing in virtue",adj
ཇུས་གཏོགས་ཚ་པོ་,"interfering, meddle, someone who likes to interfere",adj
ཕྲག་དོག་ཚ་པོ་,"jealous, having envy",adj
རྩ་བ་བརླགས་པ་,to lose the root,v
བསླབ་བྱ་རྒྱག་པ་,to give advice,v
སྐུགས་པ་,"dumb, stupid, fool",adj
ཆ་ནས་,"regarding, by the reason of",prep
དེའི་ཚབ་ལ་,instead of that,prep
དབྱིངས་ཆེན་པོ་,"greatly interested, very interesting",adj
སྙིང་རྗེ་ཆེན་པོ་,"compassionate, with lots of compassion",adj
གུས་ཞབས་བྱེད་པ་,"to be respectful, to venerate, show one's respect   (ཐདད་པ་)",v
འཁྲུག་པ་རྒྱག་པ་,"to argue, to fight   (ཐ་དད་པ་) (could be verbal or physical)",v
གོམས་གཤིས་,"personal habit, being accustomed, habituated",n
གཤིས་ཀ་,"character, personality",n
བཟོད་པ་ཆེན་པོ་,"patient, tolerant",adj
ཞེ་སྡང་ལངས་པ་,"to get angry, to give rise to hatred   (ཐ་མི་དད་པ་) // ཁོང་ཁྲོ་ལངས་པ། ཁོང་ཁྲོ་ཟ་བ། འཚིག་པ་ཟ་བ། རླུང་ལངས་པ།",v
བློ་ཕམ་པ་,"to be disappointed, to become disappointed   (ཐ་མི་དད་པ་)",v
མ་རབས་,"badly behaved, malicious, pertaining to lower classes of beings",adj
ཉམ་ཆུང་,"humble, timid, innocent",adj
བློས་འཁེལ་པོ་,"reliable, trustworthy",adj
སེམས་ཤུགས་ཆེན་པོ་,"enthusiastic, with great drive and energy",adj
བློ་ཁོག་ཆུང་ཆུང་,coward,adj
དད་པ་ཆེན་པོ་,"faithful, devoted, with great faith",adj
ཡ་རབས་,"(1) excellent, well behaved, virtuous, gentle, respectful(2) nobles, high class",adj
ལག་པ་དམ་པོ་,"stingy, miserly (lit. tight-fisted) // སེར་སྣ་ཚོ་པོ་",adj
སེམས་པ་སྐྱོ་པོ་,sad,adj
ཧམ་པ་ཆེན་པོ་,"greedy, exaggerating, very dishonest, pushy",adj
ཕན་སེམས་,a mind which wishes to benefit others,n
སེམས་པ་བཟང་པོ་,"kind hearted, kind, friendly",adj
ཆོབ་ཚ་པོ་,"funny, someone who likes to joke around",adj
རླུང་ཚ་པོ་,"gets angry very easily, short tempered",adj
དོ་སྣང་ཆེན་པོ་,"being interested, having great interest",adj
འདོད་ཆགས་ལངས་པ་,"to give rise to attachment, to have desire   (ཐ་མི་དད་པ་)",v
དོན་དག་,"meaning, purpose",n
ངོ་ཚ་ཆེན་པོ་,"shy, timid, gets embarrassed easily",adj
སྤྱོད་པ་,"behaviour, conduct, way of conducting oneself",n
ཁྱད་མཚར་པོ་,"strange, odd, unusual",adj
སེམས་པ་སྐྱིད་པོ་,"happy, glad // སེམས་པ་དགའ་པོ་",adj
ང་རྒྱལ་ཆེན་པོ་,"proud, haughty, arrogant",adj
ལེ་ལོ་ཚ་པོ་,lazy,adj
ལྷོད་ལྷོད་,"relaxed, leisurely","adv, adj"
དྲུང་ཡིག་,secretary,n
ཁོང་ངོ་ཤེས་ནས་ག་ཚོད་ཕྱིན་སོང་་,How long have you known him / her?,p
དེས་ང་ལ་སེམས་ལ་ལྷོད་ལྷོད་བཟོས་སོང་་,That makes me feel better.,p
མི་སྐྱ་,lay person,
སྐྱེ་དངོས་རིག་པ་,biology,n
མངའ་སྡེ་,"province (kham, amdo, u-tsang)",n
སྐད་ཅོར་ཚ་པོ་,"loud, rowdy",adj
བསམ་བློའི་བཅོས་ཐབས་,psychotherapy,n
རྩི་ཤིང་དང་སྲོག་ཆགས་ཀྱི་ཚན་རིག,biology,n
རྒྱུག་ཆུ་,"stream, creek",n
ཁོང་ག་པར་ཐུག་སོང་།,Where did you meet him / her? // ཁོང་ག་པར་མཇལ་སོང་།,p
ངའི་ལྟ་ཚུལ་ལ་,"in my opinion, from my viewpoint",
ལྟ་ཚུལ་,opinion,n
སྡེབ་ལ་,all together,
བསད་པ་,"to kill, killed",v
སྲོག་ཤོར་,die,v
ཁོག་པ་,"inside abdomen, guts, trunk of body",n
གསོལ་ཀྲུམ་,meat (h),n
རུ་ཁག,team,n
སྤོ་ལོ་,ball,n
གད་བདར་བྱེད།,"clean, wipe down",v
གད་རྒྱག,to sweep // གད་འཕྱག,v
ཆུ་རྐྱལ་ས་,swimming pool,n
འབག་བཙོག,pollution,n
དབྱིངས་ཚ་པོ་,stylish,adj
སྒྲིག,"prepare, arrange",
བསྐྱར་གསོ་བྱེད་པ་,"fix, repair, renew, restore",v
ཇ་སྤག་ཆུང་,a brick of Tibetan tea,n
ཞིབ་འཇུག,"research, study",n
སྐྱེ་དངོས་ཚན་རིག,biology,n
ལམ་སྟོན་བྱེད་པ་,to guide,v
སེམས་འཚབ་གི་འདུག,to feel nervous,v
སྦོང་བ་,"to (be) soaked, to (be) drench",v
གནམ་དྭངས་གི་འདུག,sky to clear,p
གནམ་རབ་རིབ་,haze sky,adj
འཁྲུག་པོ་,"lively, active",adj
འཆར་གཞི་འདིངས་,to make plans // འཆར་གཞི་བཟོ།,v
དོ་དགོང་་,tonight,adv
སང་དགོང་་,tomorrow night,adv
རྟོག་བཅོས་,fiction,n
ལྗིད་ཁོག་ཚ་པོ་,heavy,adj
ཡང་པོ་,light,adj
ཆད་པ་,"fine, punishment // ཉེས་ཆད།",n
རྡུང་པ་,"beat, hit",v
འཐག་པ་,grind finely (with machine),v
འཆར་འགོད་,"plan, schedule (as in teaching schedule)",n
ཁར་ཐུག,"straigh, upright, direct(often pronounced khup-tuk) // ཁ་ཐུག ཤར་རྒྱག ཐད་གར",adv
ཚུར་ཤོག,Come here!,p
གློག་བཞུ་,electric light,n
བཞུ་མར་,"light, lamp",n
མར་ལེན་,"to receive, to acccept",v
ཁ་ཐོར་,"scattered, dispersed",adj
ནུས་ཤུགས་,energy,n
འབྱུང་བ་བཞི་,four elements,n
བསླུ་བ་,to deceive,v
འཛུམ་དམུལ།,"smile, laugh",n
རྒྱལ་རབས་,history // སློ་བརྒྱུད་,n
ཅ་ཟིང་པོ་,"annoying, frustrating",adj
སྒེའུ་ཁུང་་,window,n
རྨང་གཞི་,foundation,n
མི་རིགས་རྩ་མེད་བཏང་,cut the root of the lineage,v
བརྟན་པོ་,stable,adj
འདང་ངེས་,enough,adj
འབྱུང་བ་བཞི་,the four elements,n
སྐུ་གཤེགས་པ་,to die (H),v
བསླུ་བ་,deceive,v
བསླུ་ཁྲིད་བྱེད་པ་,to deceive,v
བདེན་པ་,truth,n
འཛུམ་དམུལ་བྱེད་,"smile, laugh",v
དཔལ་འབྱོར་,"prosperity, wealth, ཕྱུག་པོ།",n
དྲ་ལམ་,WIFI,n
དྲ་བ་,net,n
བཞེངས་པའི་རྗེས་ལ་,after getting up (h),
ཧ་ལམ་,"about, almost, approximately, mostly, for the most part, maybe",adv
འདོད་རྔམ་ཅན་,greedy,adj
མཉེས་པོ་,tasty (H),adj
ད་གིན་ཇ་བཏུངས་ཚར་ཡིན་,I just had tea.,p
རྩེད་འགྲན་,tournament,n
རྔམ་པ།,"exciting, excited",adj
ཞ་ལ་,floor,n
ཐལ་བ།,"dust, sand, powder",n
ཆུ་མིག,spring,n
ལྗིད་ཚད་,weight,n
སློབ་གྲྭའི་རྩེད་མོ་རུ་ཁག,school team,n
སློབ་ཡོན་,scholarship,n
གཙུག་ལག་རབ་འབྱམས་པ་,graduate school,n
ཧམ་སྤུ་,mold,n
གཞི་རིམ་སློབ་གྲྭ,primary school,n
མཐོ་རིམ་སློབ་གྲྭ་,"college, university",n
སློབ་གྲྭ་ཆེན་མོ་,"college, university",n
རྟོག་སྒྲུང་,fiction,n
ཚོགས་འདུ་,"meeting, gathering",n
སྒྱུ་རྩལ,art // བཟོ་རིག་ལག་རྩལ།,n
མདང་དགོང་་,last night,adv
རྟོག་བཅོས་ཚན་རིག,science fiction,n
གྲབས་,"just about to, soon, going to",adv
སྐྱབས་མགོན་རིན་པོ་ཆེ་,HHDL (guardian / protector rinpoche),n
སྒམ་ཤོག,box,n
བཀའ་སློབ་,"advice, teaching (H)",n
བཀའ་སློབ་གནང་་,"to teach, to advise",v
ཚབ་ཚབ་བྱེད་པ་,to be nervous,v
དགོངས་པ་ཞུ་བ་,"to excuse oneself, to resign",v
རྡར་བ་,"grind by hand, roughly",v
རིན་ཐང་ཆེན་པོ་,"expensive, valuable",adj
ཉོབ་ཏོ་,"boring, annoying",adj
ཡིད་ཆེས་བརླག་པ་,to lose trust,v
ཕར་རྒྱུགས་,Go away! (not polite),p
ཡར་ལེན་,"to entrust, to deposit, to store",v
གཏན་གཏན་,"sure, certain",adj
ཁ་པར་སྒོ་རྒྱག་པ་,phone is off // ཁ་པར་ཁ་རྒྱག་པ་,
རིལ་བ་,to fall down,v
བཀའ་བཀྱོན་གནང་བ་,to scold (H),v
དགྲ་ཤ་ལེང་པ་,to take revenge,v
ཁ་སུར་,date (fruit),n
ཟས་སྣ་,ingredients,n
ཏོག་ཙམ་གཉིད་མ་འདང་པ་,a little under slept // ཏོག་ཙམ་གཉིད་མ་ལྡང་པ་,p
སྡུག་རུས་རྒྱག་པ་,"to endure, perservere, forebear // སྡུག་རུས་བྱེད་པ།",v
སྐུ་གཤེགས་པ།,to die (H) (to depart one's body) // འཆི། འགྲོང་། ཤི། དགོངས་པ་རྫོགས་པ། མྱ་ངན་ལས་འདས་པ།,v
བདེན་པ།,truth,n
རྫུན་མ་,lie(s),n
དོགས་པ་,"doubt, suspicion",n
དབྱིངས་,"very strong liking or interest, ཧ་ཅང་དགའ་པོ་",n
བཏོན་པ་,"taken out, removed from",v
དོགས་པ།,"doubt, suspicion",n
ངལ་གསོ་རྒྱག་པ་,to rest,v
ཆབ་སྲིད་,politics,n
དབྱིངས་,"(1) very strong liking or interest, ཧ་ཅང་དགའ་པོ་(2) expanse, sphere, space",n
མི་རིགས་རྩ་མེད་བཏང་,cut the root of the race / lineage,v
འཛུམ་པ།,smile,v
མངའ་སྡེ་,"province, state",n
བསུན་པོ་,"annoying, difficult",adj
གོ་སྐབས་,opportunity,n
གསར་འགྱུར་,news,n
རྨིང་གཞི་,foundation,n
འདང་ངེས་,enough,adj
གདོང་,face // ཞལ་རས་,n
འཐམ་པ་,"to hug, embrace, grasp",v
སྡུག་རུས་རྒྱབ་པ་,"to endure, persevere, have forbearance (more spoken than བཙོན་འགྲུས།) // སྡུག་རུས་བྱེད་པ་",v
བཞིན་རས་,"face, appearance (H)",n
རྩི་ཤིང་འདེབས་,"to plant plants, farming // ཤིང་འདེབས།",v
གསར་འགྱུར་,news,n
རྩི་ཤིང་འདེབས་པ་,plant plants,v
མཛད་རྗེས་,"achievement, success",n
རྫུན་མ་,lies,n
གདོང་་,face,n
སྣོད་ཆས་,"kitchen wares (plates, pots, pans, dishes, etc...)",n
འཛུམ་མདངས་་,"smile, smiling expression",n
འདོན་,"(1) recite(2) expel, cause to come out, take out",v
དཔལ་འབྱོར་,"prosperity, wealth, ཕྱུག་པོ་",n
མི་སྐྱ།,layperson,n
ཁོང་ག་དུས་ནས་ངོ་ཤེས་ཀྱི་ཡོད་,Since when have you known him/her?,p
ཞལ་རས་,face (H),n
ས་ཁུལ་,"region, area // ཆོལ་ཁ།",n
མི་ཚེ་ཆ་ཚང་,whole life // མི་ཚེ་གང་ཚང་་,n
སྐུད་མེད་དྲ་ལམ། དྲ་ལམ་,WIFI,n
གོ་རྟོགས་སད་པ་,"to become aware of, to come to understand",v
འཐམ་པ་,"hug, embrace",v
སྒེའི་ཁུང་་,window,n
ས་ཁུལ་,region,n
མི་ཚེ་གང་ཚང་,whole [human] life,n
ལོ་རྒྱུས་,history // རྒྱལ་རབས་,n
བསུན་པོ་,"annoying, frustrating",adj
གོ་རྟོགས་,"knowledge, awareness",n
རྒྱལ་རབས་,"historyreign, royal succession, dynasty, annals (of kings)",n
སྐད་ཅོར་ཚ་པོ་,"loud, rowdy",adj
ཆབ་སྲིད་,politics,n
དྲ་བ།,net,n
སྤར་,to light on fire,v
ཡས་མས་,approximately (numbers),adj
བཟའ་ཚང་,husband and wife,n
ལྷུམས་,womb // མངལ་,n
དཀའ་བ་སྤྱོད་པ་,to undergo hardships,v
མཛད་རྣམ་,"biography, hagiography // རྣན་ཐར་",n
མདོར་བསྡུས་,"in brief, concisely",adv
རྒྱལ་སྲིད་བཟུང་བ་,ruled a kingdom,v
མནའ་མ་བཞེས་པ་,to get married (H) // ཆང་ས་རྒྱག་པ་,v
རོལ་རྩེད་,"recreation, amusement",n
བཙུན་མོ་,queen (lit.),n
གཤེགས་པ་,"to go, to leave, to come (literary, esp. sutras) // ཕེབས་པ་",v
བཏུལ་བ་,(past of འདུལ་བ་) to defeat,v
སྐྱེ་རྒ་ན་འཆི་,"birth, aging, sickness, and death",n
རོལ་བ་,to enjoy oneself,v
བདུད་,"mara, demon",n
འཕོ་བ་,"to transfer, to depart (also to transfer consciousness)",v
སྔོན་འགོག་གི་ཁབ་,"vaccination, immunization // སྔོན་ཁབ་",n
འཁོར་,retinue,n
རེ་སྐུལ་ཞུ་བ་,to request,v
གདུལ་བྱ་,disciple (someone to be tamed),n
ལས་ཀྱི་འབྲེལ་བ་,karmic connection,ག་རེ་བྱས་ནས་སངས་རྒྱས་ཀྱིས་འཁོར་ལྔ་སྡེ་བཟང་པོ་ཆོས་གཟུངས་པ་རེད། སྤྱིར་གཏང་བྱས་ན་སངས་རྒྱས་དང་ཁོ་རང་ཚོ་ལ་ལས་ཀྱི་འབྲེལ་བ་ཅིག་ཡོད་རེད།
བཤད་སྲོལ་,oral tradition,n
མགོ་འཚོས་པ་,"to understand, to know // ཧ་གོ་བ་",v
གཞི་ནས་,"finally, only then, just then",adv
སྒྲ་བཤད་,etymology,n
དཔེ་ཡི་ཐོག་ནས་,"by means of an example, through an example",adv
གསལ་བཤད་,"clarification, explanation",n
ངན་སོང་གསུམ་,three lower realms,n
ཉེས་ཅན་,criminal,n
ཉེས་པ་,"fault, crime",n
སྲོག་ཐོག་གི་ཉེས་པ་,death penalty,n
ཉེས་ཆད་,"punishment, penalty // ཉེས་པ་ཆད་པ་",n
ཐག་ཉེ་རུ་འགྲོ་བ་,"to come closer, to draw closer",v
ཟག་འགྲོའོ་བྱེད་དུས་,when almost falling into,
ལམ་སང་བསླེབ་འགྲོའོ་,Almost arrived!,
རེ་བ་རྒྱག་པ་,to hope,v
སྐྱེ་བ་ལེན་པ་,to take rebirth,v
འགྲོ་བ་རིགས་དྲུག,the six classes of beings,n
གཏམ་བརྗོད་,"dialogue, talk",n
རྙོག་གྲ་བཟོ་བ་,to make trouble // རྙོག་གྲ་བླངས་བ་,v
སུན་པོ་བཟོ་བ་,to bother (someone),v
སྐད་རྒྱག་པ་,to shout,v
བརྗེ་པོ་རྒྱག་པ་,to change,v
སྐད་ཤོར་བ་,to cry out (involuntarily),v
དོ་སྣང་སྤྲད་པ་,to pay attention,v
དཀའ་ལས་སྤྲད་པ་,to give (someone) a hard time,v
བསམ་བློ་འཁོར་བ་,to have wandering thoughts (non-volitional),v
གད་མོ་བླངས་པ་,to cause laughter,v
མཁྱན་བརྩེ་ནུས་གསུམ་,"three qualities of the Buddhas mind: (1) directly realizing all phenomena, (2) loving all beings equallty, (3) having the ability to benefit all beings",n
ཐུགས་ཉེ་རིང་མེད་པར་,"without bias, without partiality, without seeing some as close and others distant",adv
གོ་བདེ་པོ་,easy to understand,adj
ཡིན་ན་ཡང་འདྲ་,no matter whether it is ...,
ཟེར་ནའང་འདྲ་,no matter if it is called ...,
སྐུ་གསུང་ཐུགས་གསུམ་,"body, speech, and mind [the three]",n
སྐྱབས་གནས་ཡང་དག་པ་,"undeceiving object of refuge, thoroughly pure object of refuge, excellent object of refuge",n
